feature,sex,x,rings_mean,rings_std,n
Length,F,0.4221646341463415,9.512195121951219,2.6154045889972433,164
Length,F,0.5031005586592179,11.189944134078212,3.1333131219935506,179
Length,F,0.5480722891566265,11.060240963855422,3.424862386407218,166
Length,F,0.5789802631578947,10.947368421052632,3.100500864652582,152
Length,F,0.6046875,11.0,2.6158683635835898,160
Length,F,0.6291520467836257,11.304093567251462,2.9347683890004035,171
Length,F,0.6556918238993711,11.69182389937107,2.9509699875678956,159
Length,F,0.7051923076923077,12.378205128205128,3.2830806711280833,156
Length,I,0.23819209039548025,5.03954802259887,1.2852377827437573,177
Length,I,0.33352777777777776,6.6,1.3311900837619492,180
Length,I,0.3816358024691358,6.938271604938271,1.3267030916804363,162
Length,I,0.4211935483870968,7.451612903225806,1.5126889637764689,155
Length,I,0.4544378698224852,8.449704142011834,2.309172297092902,169
Length,I,0.49084337349397594,8.608433734939759,1.8709067527272747,166
Length,I,0.5318,9.6,2.3610829387546213,175
Length,I,0.5910443037974684,10.715189873417721,2.454922968038932,158
Length,M,0.36623762376237623,8.381188118811881,2.395734720290915,202
Length,M,0.4831550802139037,10.037433155080214,2.6322421530376263,187
Length,M,0.531359223300971,10.91747572815534,3.290486721635822,206
Length,M,0.5691161616161616,10.868686868686869,2.832539226556092,198
Length,M,0.5950568181818181,11.142045454545455,3.0476678330781426,176
Length,M,0.620929648241206,10.839195979899497,2.688221851712423,199
Length,M,0.6469186046511628,11.69186046511628,2.9005631683978965,172
Length,M,0.700877659574468,12.01063829787234,2.8641045332813646,188
Diameter,F,0.3263719512195122,9.463414634146341,2.5582543988733946,164
Diameter,F,0.3917977528089887,11.140449438202246,3.1743042870003193,178
Diameter,F,0.42843749999999997,10.80625,3.153308884051639,160
Diameter,F,0.4555801104972376,10.922651933701658,3.184089898814473,181
Diameter,F,0.4777380952380952,11.285714285714286,2.993291615650176,168
Diameter,F,0.49812500000000004,11.11875,2.6119509443802835,160
Diameter,F,0.519375,11.676470588235293,2.7752406714218014,136
Diameter,F,0.55915625,12.7625,3.3241776776677265,160
Diameter,I,0.17359649122807017,4.953216374269005,1.2166147125483604,171
Diameter,I,0.2487434554973822,6.523560209424084,1.247405684774756,191
Diameter,I,0.2870198675496689,7.013245033112582,1.2219479256056016,151
Diameter,I,0.32110169491525425,7.52542372881356,1.6274205629621146,177
Diameter,I,0.3496153846153846,8.435897435897436,2.258116506550242,156
Diameter,I,0.3770186335403727,8.714285714285714,2.083952289006911,161
Diameter,I,0.41251336898395724,9.524064171122994,2.0979274350514707,187
Diameter,I,0.46219594594594593,10.844594594594595,2.6074535701029644,148
Diameter,M,0.2810952380952381,8.457142857142857,2.4339251832535873,210
Diameter,M,0.3765277777777778,9.838888888888889,2.608888735556333,180
Diameter,M,0.4132908163265306,10.994897959183673,3.2510313140477267,196
Diameter,M,0.4462559241706161,10.848341232227488,2.8142045475386195,211
Diameter,M,0.4684126984126984,10.682539682539682,2.5712737767210037,189
Diameter,M,0.48985148514851484,11.242574257425742,2.871297192748474,202
Diameter,M,0.5151630434782609,11.58695652173913,2.8654801480683174,184
Diameter,M,0.5576282051282051,12.467948717948717,3.1096517215937935,156
Height,F,0.10753012048192771,9.295180722891565,2.3074794651941772,166
Height,F,0.13329596412556055,10.632286995515695,2.8866323887695127,223
Height,F,0.1483630952380952,10.517857142857142,2.6693496803522345,168
Height,F,0.1576300578034682,10.699421965317919,2.3825552315476717,173
Height,F,0.165,11.566666666666666,3.016993071091023,90
Height,F,0.17263736263736265,11.873626373626374,3.089899251511927,182
Height,F,0.18461783439490445,12.0828025477707,3.4695780121734634,157
Height,F,0.21280405405405406,12.93918918918919,3.519095337039741,148
Height,I,0.05553977272727273,5.068181818181818,1.2402345819165896,176
Height,I,0.0803416149068323,6.453416149068323,1.279405675299112,161
Height,I,0.09532567049808428,7.076628352490421,1.3734675837654795,261
Height,I,0.10787096774193548,7.7935483870967746,1.3896499334647376,155
Height,I,0.11779411764705883,8.264705882352942,1.8786728732554487,136
Height,I,0.12702797202797203,8.76923076923077,1.6937844438254768,143
Height,I,0.13982954545454546,9.715909090909092,2.3467855882893516,176
Height,I,0.1628731343283582,11.305970149253731,2.8816964822207742,134
Height,M,0.09327830188679245,8.283018867924529,2.2592819266941575,212
Height,M,0.12528497409326425,9.844559585492227,2.423127270402133,193
Height,M,0.14013043478260873,10.443478260869565,2.598929253311349,230
Height,M,0.15245575221238938,10.56637168141593,2.7010322510549436,226
Height,M,0.16,11.5,3.422936582141251,98
Height,M,0.17032945736434107,11.426356589147288,2.7553278952045983,258
Height,M,0.18478658536585366,11.725609756097562,2.738783527177458,164
Height,M,0.2091156462585034,13.020408163265307,3.4332567464517116,147
Whole weight,F,0.3912575757575758,9.521212121212121,2.4409811071996934,165
Whole weight,F,0.637361111111111,10.771604938271604,2.866111030513319,162
Whole weight,F,0.8207423312883436,11.006134969325153,3.372907549829303,163
Whole weight,F,0.9673181818181817,11.036363636363637,3.07406719758287,165
Whole weight,F,1.100462962962963,11.012345679012345,2.700328147349189,162
Whole weight,F,1.2376104294478527,11.484662576687116,3.135530805912361,163
Whole weight,F,1.4223231707317072,11.432926829268293,2.8308794565789412,164
Whole weight,F,1.7997085889570554,12.785276073619633,3.4097578410239033,163
Whole weight,I,0.07033928571428572,4.946428571428571,1.2149711244267336,168
Whole weight,I,0.16641420118343195,6.4674556213017755,1.267898068226175,169
Whole weight,I,0.24669161676646706,7.07185628742515,1.3602305893967797,167
Whole weight,I,0.34012202380952383,7.458333333333333,1.5236819833637025,168
Whole weight,I,0.43749107142857147,8.297619047619047,2.1654873849748726,168
Whole weight,I,0.5428734939759037,8.596385542168674,1.8421953822040564,166
Whole weight,I,0.6813005952380953,9.327380952380953,2.0104428677942963,168
Whole weight,I,0.9674732142857143,10.970238095238095,2.721450817808331,168
Whole weight,M,0.25448952879581155,8.24607329842932,2.284310969444699,191
Whole weight,M,0.5667356020942408,9.832460732984293,2.4885408358857686,191
Whole weight,M,0.7686640625,10.552083333333334,2.931574962823346,192
Whole weight,M,0.9087736842105263,10.952631578947368,2.890024518131224,190
Whole weight,M,1.045871727748691,11.120418848167539,3.1574726456223505,191
Whole weight,M,1.1900890052356021,10.916230366492147,2.6022861263692882,191
Whole weight,M,1.3724214659685863,11.743455497382199,3.0851335545361525,191
Whole weight,M,1.8253638743455498,12.282722513089006,2.8734107591879035,191
Shucked weight,F,0.15395121951219512,9.914634146341463,2.820613080083571,164
Shucked weight,F,0.25596951219512193,11.426829268292684,3.2541827272305404,164
Shucked weight,F,0.335641975308642,11.38888888888889,3.535533905932738,162
Shucked weight,F,0.4078212121212121,11.303030303030303,3.5654580016137127,165
Shucked weight,F,0.47233231707317075,10.926829268292684,2.759392161238814,164
Shucked weight,F,0.5342701863354037,11.031055900621118,2.702828056518873,161
Shucked weight,F,0.6157392638036809,11.39877300613497,3.011377350469574,163
Shucked weight,F,0.7953079268292682,11.646341463414634,2.768676462694775,164
Shucked weight,I,0.028845029239766083,5.017543859649122,1.3082259393388944,171
Shucked weight,I,0.07138392857142857,6.5476190476190474,1.3123527522056875,168
Shucked weight,I,0.10747256097560975,7.182926829268292,1.7276392544122754,164
Shucked weight,I,0.1501309523809524,7.690476190476191,1.8473232972869622,168
Shucked weight,I,0.19264583333333332,8.428571428571429,2.2442779631110166,168
Shucked weight,I,0.24088922155688625,8.407185628742514,1.7907247258156802,167
Shucked weight,I,0.3057751479289941,9.396449704142011,2.096536074301638,169
Shucked weight,I,0.4330988023952096,10.497005988023952,2.796026120448267,167
Shucked weight,M,0.10066492146596859,8.460732984293193,2.433813876659861,191
Shucked weight,M,0.2334502617801047,10.643979057591624,3.013819552378004,191
Shucked weight,M,0.3166780104712042,10.884816753926701,3.2456172623420305,191
Shucked weight,M,0.387630890052356,11.235602094240837,3.4400106378042064,191
Shucked weight,M,0.4548979057591623,11.036649214659686,3.1294387049247288,191
Shucked weight,M,0.5242150259067357,11.005181347150259,2.9430309796450076,193
Shucked weight,M,0.6135423280423281,10.82010582010582,2.287667675384224,189
Shucked weight,M,0.8334240837696335,11.55497382198953,2.4869901221621595,191
Viscera weight,F,0.08602095808383234,9.544910179640718,2.6313828579086986,167
Viscera weight,F,0.13905828220858896,11.257668711656441,3.3381242553103903,163
Viscera weight,F,0.1772360248447205,10.993788819875776,3.0710277074823376,161
Viscera weight,F,0.20907012195121952,10.823170731707316,3.1270362212411396,164
Viscera weight,F,0.24026543209876544,11.401234567901234,3.0735495019455006,162
Viscera weight,F,0.2756779141104294,11.220858895705522,2.8415448325729824,163
Viscera weight,F,0.31745151515151515,11.66060606060606,3.250697804443948,165
Viscera weight,F,0.40381172839506174,12.17283950617284,2.8297010506754146,162
Viscera weight,I,0.015551724137931034,5.0,1.267649958066094,174
Viscera weight,I,0.035450920245398775,6.521472392638037,1.2587345365454894,163
Viscera weight,I,0.05247647058823529,7.135294117647059,1.5149906463556384,170
Viscera weight,I,0.0705,7.646341463414634,1.927342499319019,164
Viscera weight,I,0.09152023121387283,7.959537572254336,1.7298957540271167,173
Viscera weight,I,0.11585975609756098,8.640243902439025,1.9499479153715815,164
Viscera weight,I,0.14605089820359282,9.353293413173652,1.9234690182044776,167
Viscera weight,I,0.21129041916167665,10.976047904191617,2.772394241268127,167
Viscera weight,M,0.054680628272251314,8.356020942408376,2.434176155797654,191
Viscera weight,M,0.12264136125654451,9.900523560209423,2.871923935772507,191
Viscera weight,M,0.16281413612565446,10.853403141361257,2.937861098036886,191
Viscera weight,M,0.194640625,10.90625,3.210187073539549,192
Viscera weight,M,0.22527604166666668,10.947916666666666,2.775622345822961,192
Viscera weight,M,0.25964322916666666,11.182291666666666,2.812295173848517,192
Viscera weight,M,0.30183333333333334,11.555555555555555,2.8959497272388957,189
Viscera weight,M,0.40454736842105266,11.952631578947368,2.768467270452897,190
Shell weight,F,0.11854761904761905,9.154761904761905,2.248054635361428,168
Shell weight,F,0.18863522012578615,10.553459119496855,2.5745782467492924,159
Shell weight,F,0.23568098159509202,10.43558282208589,2.841571487090604,163
Shell weight,F,0.27796820809248557,11.06936416184971,3.022365881820381,173
Shell weight,F,0.3135512820512821,11.064102564102564,2.5238973630261112,156
Shell weight,F,0.3523672839506173,11.197530864197532,2.5824046432109555,162
Shell weight,F,0.40884939759036143,11.94578313253012,3.003545428416598,166
Shell weight,F,0.5277937500000001,13.69375,3.8148944692246403,160
Shell weight,I,0.021419642857142856,4.9523809523809526,1.1928405377991864,168
Shell weight,I,0.05048214285714286,6.369047619047619,1.2115191819603066,168
Shell weight,I,0.07512426035502959,7.041420118343195,1.2740777691081895,169
Shell weight,I,0.0997172619047619,7.285714285714286,1.3229564837885974,168
Shell weight,I,0.1270542168674699,8.060240963855422,1.750147336414931,166
Shell weight,I,0.16092559523809524,8.869047619047619,1.9223224595362274,168
Shell weight,I,0.2039970930232558,9.494186046511627,2.064733371408725,172
Shell weight,I,0.2900521472392638,11.116564417177914,2.7585839945115733,163
Shell weight,M,0.0829088669950739,8.157635467980295,2.2304770890274552,203
Shell weight,M,0.1662189189189189,9.367567567567567,2.2251104093336647,185
Shell weight,M,0.22028918918918922,9.994594594594595,2.1404420949717715,185
Shell weight,M,0.260720207253886,10.595854922279793,2.6045599875685017,193
Shell weight,M,0.2969331683168317,11.103960396039604,2.682926329582311,202
Shell weight,M,0.33741899441340784,11.424581005586592,2.6876035057940175,179
Shell weight,M,0.3869578947368421,11.973684210526315,2.9715301859111447,190
Shell weight,M,0.5146335078534031,13.151832460732985,3.4063384096793046,191
