fold,seed,variant,selected_rmse,changed_rmse,rmse_delta,mae_delta,logical_edges_delta
0,314,reference,2.2133022262233477,2.203623655540618,-0.009678570682729593,-0.028692282500856425,-639
0,314,tree_control,2.2133022262233477,2.2133022262233477,0.0,0.0,0
0,314,cap_control,2.2133022262233477,2.2275599576431904,0.014257731419842656,0.0023748821478009052,-497
0,314,tree_cap_control,2.2133022262233477,2.1889941148369134,-0.024308111386434295,-0.017010469428369035,-568
0,314,no_threshold_change,2.2133022262233477,2.203623655540618,-0.009678570682729593,-0.028692282500856425,-639
0,2718,reference,2.2215392184945286,2.2164452484881902,-0.0050939700063383775,-0.006587434512844048,345
0,2718,tree_control,2.2215392184945286,2.2215392184945286,0.0,0.0,0
0,2718,cap_control,2.2215392184945286,2.2039547664912145,-0.017584452003314155,-0.019411058752100585,-385
0,2718,tree_cap_control,2.2215392184945286,2.2178352039517835,-0.00370401454274516,0.00028874468016515387,-400
0,2718,no_threshold_change,2.2215392184945286,2.2164452484881902,-0.0050939700063383775,-0.006587434512844048,345
1,314,reference,2.163015856556768,2.1808350466646265,0.017819190107858596,0.01976110022211608,23
1,314,tree_control,2.163015856556768,2.161909874920519,-0.001105981636249087,-0.0005776367526071358,405
1,314,cap_control,2.163015856556768,2.1647738043271767,0.0017579477704088298,-0.0017553829068319704,-370
1,314,tree_cap_control,2.163015856556768,2.1618477040955884,-0.0011681524611795169,-0.013287930762397648,-339
1,314,no_cap,2.163015856556768,2.1808350466646265,0.017819190107858596,0.01976110022211608,23
1,2718,reference,2.1937832183756365,2.187757669316599,-0.006025549059037516,0.004386833940253965,109
1,2718,tree_control,2.1937832183756365,2.1566642907877056,-0.037118927587930894,-0.01765587397781543,-323
1,2718,cap_control,2.1937832183756365,2.166820837095835,-0.02696238127980166,0.004209600154904569,-778
1,2718,tree_cap_control,2.1937832183756365,2.1639042974664733,-0.02987892090916322,-0.007939687379616256,-659
1,2718,no_cap,2.1937832183756365,2.187757669316599,-0.006025549059037516,0.004386833940253965,109
2,314,reference,2.135188313181269,2.134372953070326,-0.0008153601109426312,-0.011486579862578283,164
2,314,tree_control,2.135188313181269,2.1333163902855765,-0.0018719228956922684,-0.013523140501049635,-281
2,314,cap_control,2.135188313181269,2.1329762873654885,-0.002212025815780283,-0.011976086304016365,-152
2,314,tree_cap_control,2.135188313181269,2.132483958176378,-0.002704355004890857,-0.019603811249899294,-233
2,314,no_widening,2.135188313181269,2.134372953070326,-0.0008153601109426312,-0.011486579862578283,164
2,2718,reference,2.116107557574615,2.1265692874506743,0.010461729876059422,0.009920108401951344,-863
2,2718,tree_control,2.116107557574615,2.1215424269165943,0.005434869341979454,0.0016806187982034704,-855
2,2718,cap_control,2.116107557574615,2.132045616552145,0.0159380589775302,0.01867865944640479,-1565
2,2718,tree_cap_control,2.116107557574615,2.133114559213958,0.017007001639343322,0.0030861885702757608,-1605
2,2718,no_widening,2.116107557574615,2.1265692874506743,0.010461729876059422,0.009920108401951344,-863
3,314,reference,2.148261891483698,2.1820740463831703,0.03381215489947209,0.02895372367273419,-126
3,314,tree_control,2.148261891483698,2.1861543174222997,0.03789242593860154,0.03140898437397022,-312
3,314,cap_control,2.148261891483698,2.1565200301626852,0.00825813867898706,0.008108080719939403,-1093
3,314,tree_cap_control,2.148261891483698,2.1719611025627534,0.02369921107905526,0.02204092234820143,-1119
3,314,no_widening,2.148261891483698,2.1820740463831703,0.03381215489947209,0.02895372367273419,-126
3,2718,reference,2.1786424052585307,2.172309441630465,-0.006332963628065791,-0.017076302660588016,-347
3,2718,tree_control,2.1786424052585307,2.18233349180324,0.00369108654470951,-0.007308601519805835,-276
3,2718,cap_control,2.1786424052585307,2.1623580732583214,-0.01628433200020929,-0.026734098805503592,-261
3,2718,tree_cap_control,2.1786424052585307,2.1604896431663563,-0.018152762092174424,-0.01577959990837008,-276
3,2718,no_widening,2.1786424052585307,2.172309441630465,-0.006332963628065791,-0.017076302660588016,-347
4,314,reference,2.3112418370130676,2.3414728980146595,0.030231061001591897,0.02849840921719382,-1293
4,314,tree_control,2.3112418370130676,2.281286663559625,-0.029955173453442452,-0.010230634133592265,-1218
4,314,cap_control,2.3112418370130676,2.310255622326201,-0.00098621468686666,0.013756774024698881,-1916
4,314,tree_cap_control,2.3112418370130676,2.2744035371973217,-0.036838299815745934,-0.015205727046149198,-1885
4,314,no_widening,2.3112418370130676,2.3414728980146595,0.030231061001591897,0.02849840921719382,-1293
4,2718,reference,2.313369073514585,2.318160704905437,0.004791631390852036,0.011409504740327092,358
4,2718,tree_control,2.313369073514585,2.3024843515962625,-0.010884721918322349,-0.006487799462212784,447
4,2718,cap_control,2.313369073514585,2.3233114207586834,0.009942347244098482,0.008168767731756787,-272
4,2718,tree_cap_control,2.313369073514585,2.300741843146102,-0.012627230368482678,-0.0017913958168858102,-175
4,2718,no_widening,2.313369073514585,2.318160704905437,0.004791631390852036,0.011409504740327092,358
