candidate,name,seed,rmse,mae,train_rmse,adam_rmse,selected_epoch,seconds,distinct_nonconstant,logical_edges,mean_literals,max_literals,centered_rule_rank
11,wide_128,1516.0,2.127385276870218,1.5160682853018583,1.9919596465069955,2.125079021873282,35.0,3.323280770999645,213.5,2181.0,8.51953125,25.5,208.0
0,reference,1516.0,2.1280726773573564,1.5147243800109007,2.0456933545596274,2.222055449033701,25.0,2.0384323334997134,119.5,1283.5,10.02734375,22.5,117.5
8,cap_8,1516.0,2.1311571195278667,1.5221316871452726,2.0482369668740343,2.1609501157194373,50.0,5.018546520499967,115.5,915.0,7.1484375,8.0,115.0
9,cap_16,1516.0,2.137641669449053,1.5272149356042273,2.0605897872986207,2.1597212702571547,20.0,2.2521534579996114,118.0,1114.0,8.703125,16.0,116.0
2,tree_leaf_02,1516.0,2.1393029319143397,1.5338317605386487,1.982016871342643,2.186905908668998,40.0,2.5582616249998864,118.0,1572.5,12.28515625,26.0,114.0
7,cap_4,1516.0,2.1407491280663584,1.5294939338134685,2.0942725507031907,2.1722915327789636,30.0,3.5821059165000406,118.0,469.5,3.66796875,4.0,117.5
1,local_supervised,1516.0,2.1575511597207733,1.529673067997647,2.0569560340954496,2.218085065577852,25.0,1.9207911040002728,121.0,1167.5,9.12109375,23.5,119.5
5,edge_1e5,1516.0,2.1597170163441914,1.539879731132983,2.0956386738385344,2.193245165136724,40.0,2.6660355415001504,91.0,293.0,2.2890625,8.0,88.0
10,tree_cap_8,1516.0,2.1606536242702292,1.5563115956232678,2.0655688477140277,2.1923275613594004,20.0,2.6563463540001067,116.0,818.5,6.39453125,8.0,112.5
3,tree_leaf_05,1516.0,2.1814417902052883,1.5572869671314304,2.066022657724251,2.2177975730394763,20.0,1.6395844785006375,115.0,979.5,7.65234375,18.5,113.0
6,edge_1e4,1516.0,2.199760932305421,1.576246585557143,2.176562912107703,2.2251816966526645,35.0,2.431830541999716,57.5,114.5,0.89453125,4.5,54.0
4,global_supervised,1516.0,2.37593242525512,1.7237292255423378,2.3753964053433823,2.413792367467364,55.0,3.2825961459998325,106.0,1241.0,9.6953125,24.5,106.0
