model,fold,rmse,mae,r2,tail_mae
selected_314,0,2.2133022262233477,1.5622221533742613,0.5489349530768226,7.6176704555368655
selected_2718,0,2.2215392184945286,1.559581274245033,0.5455713519513168,7.696836442229565
reference_314,0,2.203623655540618,1.5335298708734049,0.5528712610589441,8.088528956824868
reference_2718,0,2.2164452484881902,1.552993839732189,0.5476529644866459,8.171420239801309
tree_control_314,0,2.2133022262233477,1.5622221533742613,0.5489349530768226,7.6176704555368655
tree_control_2718,0,2.2215392184945286,1.559581274245033,0.5455713519513168,7.696836442229565
cap_control_314,0,2.2275599576431904,1.5645970355220622,0.5431048604031543,8.140427931840534
cap_control_2718,0,2.2039547664912145,1.5401702154929324,0.5527368820835057,7.999299172511895
tree_cap_control_314,0,2.1889941148369134,1.5452116839458923,0.5587884009789639,7.5280502063439725
tree_cap_control_2718,0,2.2178352039517835,1.5598700189251982,0.5470854436970207,7.80953018176394
no_threshold_change_314,0,2.203623655540618,1.5335298708734049,0.5528712610589441,8.088528956824868
no_threshold_change_2718,0,2.2164452484881902,1.552993839732189,0.5476529644866459,8.171420239801309
selected_314,1,2.163015856556768,1.53929286507117,0.518722365844422,8.847198771764367
selected_2718,1,2.1937832183756365,1.5419108831356694,0.5049333248119254,9.431915920339907
reference_314,1,2.1808350466646265,1.559053965293286,0.5107600546946067,8.928353003474589
reference_2718,1,2.187757669316599,1.5462977170759233,0.5076491372245402,9.176243164770966
tree_control_314,1,2.161909874920519,1.5387152283185628,0.5192144086016182,8.841883841226585
tree_control_2718,1,2.1566642907877056,1.524255009157854,0.5215447015060183,8.979769053777291
cap_control_314,1,2.1647738043271767,1.537537482164338,0.5179397504503828,9.018124350694684
cap_control_2718,1,2.166820837095835,1.546120483290574,0.5170276369664915,8.925607705001136
tree_cap_control_314,1,2.1618477040955884,1.5260049343087723,0.5192420604546282,8.683471470674334
tree_cap_control_2718,1,2.1639042974664733,1.5339711957560531,0.5183269230170608,8.825531988663082
no_cap_314,1,2.1808350466646265,1.559053965293286,0.5107600546946067,8.928353003474589
no_cap_2718,1,2.187757669316599,1.5462977170759233,0.5076491372245402,9.176243164770966
selected_314,2,2.135188313181269,1.519289249510146,0.5495917157228636,7.7542340761596344
selected_2718,2,2.116107557574615,1.5005889753180608,0.5576057445871933,7.883079651227529
reference_314,2,2.134372953070326,1.5078026696475677,0.5499356430728048,8.117687388360139
reference_2718,2,2.1265692874506743,1.5105090837200121,0.5532206652174122,8.125283985348268
tree_control_314,2,2.1333163902855765,1.5057661090090964,0.550381116815069,8.070332553202936
tree_control_2718,2,2.1215424269165943,1.5022695941162643,0.5553303946792221,8.254479013057239
cap_control_314,2,2.1329762873654885,1.5073131632061296,0.5505244659277084,8.178482152158034
cap_control_2718,2,2.132045616552145,1.5192676347644656,0.5509166151541023,7.961002300805734
tree_cap_control_314,2,2.132483958176378,1.4996854382602467,0.5507319360132253,7.993562442717004
tree_cap_control_2718,2,2.133114559213958,1.5036751638883366,0.5504661888359645,8.061728990257519
no_widening_314,2,2.134372953070326,1.5078026696475677,0.5499356430728048,8.117687388360139
no_widening_2718,2,2.1265692874506743,1.5105090837200121,0.5532206652174122,8.125283985348268
selected_314,3,2.148261891483698,1.538562392227206,0.5208729610456027,7.0371256739937
selected_2718,3,2.1786424052585307,1.5807751244277177,0.5072256014461232,7.17020953397019
reference_314,3,2.1820740463831703,1.5675161158999402,0.5056720131402387,7.895627976286923
reference_2718,3,2.172309441630465,1.5636988217671297,0.5100862697375308,7.063229797869752
tree_control_314,3,2.1861543174222997,1.5699713766011762,0.5038215920110642,7.502977473945586
tree_control_2718,3,2.18233349180324,1.573466522907912,0.5055544563993462,7.177589921922278
cap_control_314,3,2.1565200301626852,1.5466704729471454,0.5171822541318123,7.035463620042381
cap_control_2718,3,2.1623580732583214,1.5540410256222141,0.5145645866696766,7.253050338219579
tree_cap_control_314,3,2.1719611025627534,1.5606033145754075,0.5102433766451131,7.063467002443915
tree_cap_control_2718,3,2.1604896431663563,1.5649955245193476,0.5154031251968829,6.978500655530074
no_widening_314,3,2.1820740463831703,1.5675161158999402,0.5056720131402387,7.895627976286923
no_widening_2718,3,2.172309441630465,1.5636988217671297,0.5100862697375308,7.063229797869752
selected_314,4,2.3112418370130676,1.625373153525211,0.5363370432964523,7.767829941610572
selected_2718,4,2.313369073514585,1.6322724447803036,0.5354831519827782,7.819748208112143
reference_314,4,2.3414728980146595,1.6538715627424048,0.5241282866985956,7.950138180123239
reference_2718,4,2.318160704905437,1.6436819495206307,0.5335568716887622,7.8167465839603
tree_control_314,4,2.281286663559625,1.6151425193916187,0.5482778953791105,7.618998861283454
tree_control_2718,4,2.3024843515962625,1.6257846453180909,0.539844100577623,7.671386683073302
cap_control_314,4,2.310255622326201,1.6391299275499098,0.5367326519694611,7.74647990120296
cap_control_2718,4,2.3233114207586834,1.6404412125120604,0.5314817911450351,7.900912768852161
tree_cap_control_314,4,2.2744035371973217,1.6101674264790617,0.5509996661473073,7.709358301124251
tree_cap_control_2718,4,2.300741843146102,1.6304810489634178,0.5405403243185851,7.710433513676703
no_widening_314,4,2.3414728980146595,1.6538715627424048,0.5241282866985956,7.950138180123239
no_widening_2718,4,2.318160704905437,1.6436819495206307,0.5335568716887622,7.8167465839603
previous_selected_314,0,2.203623655540618,1.5335298708734049,0.5528712610589441,8.088528956824868
previous_selected_2718,0,2.2164452484881902,1.552993839732189,0.5476529644866459,8.171420239801309
previous_selected_314,1,2.1808350466646265,1.559053965293286,0.5107600546946067,8.928353003474589
previous_selected_2718,1,2.187757669316599,1.5462977170759233,0.5076491372245402,9.176243164770966
previous_selected_314,2,2.1357044642988705,1.5179011614361415,0.549373929931259,7.847725478260378
previous_selected_2718,2,2.1322227994344307,1.513846909954077,0.5508419702269871,8.122381595753355
previous_selected_314,3,2.1820740463831703,1.5675161158999402,0.5056720131402387,7.895627976286923
previous_selected_2718,3,2.172309441630465,1.5636988217671297,0.5100862697375308,7.063229797869752
previous_selected_314,4,2.314566827269795,1.641010681813159,0.5350020174864989,7.77357932981247
previous_selected_2718,4,2.315055239792353,1.6292184999349972,0.5348057519934912,7.966108881220724
ridge,0,2.237605532413657,1.581570571377559,0.5389746699048945,7.6702196924304085
ridge,1,2.1925469981433023,1.5678743123468628,0.5054911183054769,8.180540210730321
ridge,2,2.063855998485633,1.5053950364235247,0.5791834744237825,6.813932405391844
ridge,3,2.187474916796148,1.5833937831236455,0.5032219538241707,6.598624105908565
ridge,4,2.437743131739165,1.697349517052504,0.4841926780479823,6.588039293855954
forest,0,2.146816531963873,1.5043768450024033,0.5756271462846201,7.258359024859309
forest,1,2.146730715183814,1.5186510783757943,0.5259420722877901,8.441026576622296
forest,2,2.0917279784080476,1.4788913627787725,0.567740632829713,7.4009195770978184
forest,3,2.1456488147959267,1.5250317060684746,0.5220378416006966,6.803519800652978
forest,4,2.2032909774724567,1.5428701478522973,0.5786380339678724,7.025172875227609
expanded_rf,0,2.1528150259342747,1.503636695981119,0.5732523235293783,7.730433744331068
expanded_rf,1,2.141766106262385,1.51421047536326,0.5281321847139351,8.54830454400991
expanded_rf,2,2.077139854992417,1.4730818917650879,0.5737489321205826,7.574673192968646
expanded_rf,3,2.1411870658835217,1.52339491275007,0.5240235625381939,6.760979210734654
expanded_rf,4,2.22637559207446,1.5686907088960607,0.5697622793865473,7.342827628968253
