model,rmse_mean,rmse_std,mae_mean,mae_std,r2_mean,r2_std,tail_mae_mean,tail_mae_std
cap_control_2718,2.19769814283124,0.07471683823781503,1.5600081143364493,0.04677415053263449,0.5333455024037622,0.01807787706745967,8.0079744570781,0.5970144579574816
cap_control_314,2.198417140364948,0.07163605410451211,1.559049616277917,0.04933636030825352,0.5330967965765038,0.015000942916238394,8.023795591187719,0.7210972184999385
expanded_rf,2.1478567290294115,0.053085433331135905,1.5166029369511196,0.034739011114551965,0.5537838564577274,0.02538020297921207,7.591443664202506,0.6493580244816045
forest,2.1468430035648236,0.03945085281888978,1.5139642280155485,0.023989745868379198,0.5539971453941385,0.027714608066330578,7.385799570892002,0.6322727033169164
no_cap_2718,2.187757669316599,,1.5462977170759233,,0.5076491372245402,,9.176243164770966,
no_cap_314,2.1808350466646265,,1.559053965293286,,0.5107600546946067,,8.928353003474589,
no_threshold_change_2718,2.2164452484881902,,1.552993839732189,,0.5476529644866459,,8.171420239801309,
no_threshold_change_314,2.203623655540618,,1.5335298708734049,,0.5528712610589441,,8.088528956824868,
no_widening_2718,2.2056798113288587,0.1000600019535124,1.5726299516692575,0.06703414695052004,0.5322879355479017,0.021595176951136354,7.6684201223927735,0.5463426842980694
no_widening_314,2.2193066324893853,0.1084541188710876,1.576396782763304,0.07343827384573565,0.5265786476372131,0.022233318134028485,7.987817848256767,0.11572559641481805
previous_selected_2718,2.204758079732408,0.06874836068536144,1.5612111576928633,0.042321667207082164,0.5302072187338391,0.02040228634300511,8.099876735883221,0.7511192222179036
previous_selected_314,2.203360808031416,0.0669043436511019,1.5638023590631864,0.047488966665684536,0.5307358552623095,0.021695523429447652,8.106762948931845,0.47382285933849705
reference_2718,2.204248470358273,0.07150325536040739,1.563436282363177,0.04910066040519072,0.5304331816709783,0.020968173933903347,8.070584754350119,0.76072960811065
reference_314,2.20847571993468,0.078523988608923,1.5643548368913207,0.05522604295470209,0.528673451733038,0.02184164172359121,8.196067101013952,0.41973062091987295
ridge,2.223845315515581,0.13586812677312873,1.5871166440648192,0.06936244190550878,0.5222127789012614,0.03745802509950394,7.170271141663418,0.7182171848374881
selected_2718,2.204688294643579,0.07200576600625068,1.563025740381357,0.048647193853241906,0.5301638349558674,0.02335319205420755,8.000357951175868,0.8480866699499997
selected_314,2.19420202489163,0.0718136937413683,1.556947962741599,0.041163497724756866,0.5348918077972327,0.01477637341607289,7.804811783813028,0.6547633606450742
tree_cap_control_2718,2.1952171093889348,0.06650237491086745,1.5585985904104707,0.04699126645578475,0.5343644010131028,0.016400954299872428,7.877145065978263,0.66585194880127
tree_cap_control_314,2.1859380833737907,0.05354559205828094,1.5483345595138762,0.04137912305818621,0.5380010880478475,0.021711411515503397,7.795581884660696,0.6005297920053336
tree_control_2718,2.1969127559196666,0.06939921623177794,1.5570714091490307,0.04763602376893531,0.5335690010227052,0.019914756120981855,7.956012222811935,0.6876200868688137
tree_control_314,2.1951938944822738,0.05647619410661822,1.558363477338943,0.04039192112056449,0.5341259931767369,0.021357216334978536,7.930372637039085,0.554040693783458
