network,head,members,gate_count,rmse,mae,r2,tail_n,tail_mae,bias,tail_bias
1,5,2,0,2.055320997419934,1.4851914123799803,0.5576890870391591,7,7.135825666655521,0.04140298015593849,-7.135825666655521
1,5,4,0,2.05773294343153,1.4839025200159814,0.5566503626615757,7,7.140221160460041,0.03691260276881522,-7.140221160460041
1,4,2,0,2.058175226904255,1.4828381294825819,0.5564597574705805,7,7.084342174048144,0.044550661313478596,-7.084342174048144
0,5,2,0,2.058400600537697,1.4757290255303277,0.5563626153538663,7,7.053393408481944,0.03861265018253239,-7.053393408481944
0,4,2,0,2.0585944373560396,1.4740175676952745,0.5562790579471595,7,7.013924155823203,0.03981119269272572,-7.013924155823203
0,5,4,0,2.059344876495842,1.4805315930159775,0.5559554912948548,7,6.999741542689777,0.043414096438759965,-6.999741542689777
0,4,4,0,2.0600727819081053,1.4786180739361376,0.5556415278313356,7,6.958129878252525,0.043813590980718534,-6.958129878252525
1,4,4,0,2.060603829972302,1.481247904404847,0.5554124037697206,7,7.095163805540386,0.040107318415141834,-7.095163805540386
0,8,2,0,2.061893258214382,1.492951966049682,0.5548558259792888,7,7.131693308648205,0.03217265912903269,-7.131693308648205
0,5,8,0,2.0620407235825646,1.4824170434949355,0.5547921508141063,7,7.006722437309915,0.045690416766609905,-7.006722437309915
0,3,2,0,2.062502724187268,1.4747454047486965,0.554592630663785,7,6.994972229299178,0.040989972669633064,-6.994972229299178
0,4,8,0,2.0629689759119163,1.4811215282644368,0.5543912293032263,7,6.96465632959297,0.046228601517639134,-6.96465632959297
1,3,2,0,2.0632647601422356,1.4832527325862772,0.5542634392126344,7,7.046955278633391,0.04702717475795472,-7.046955278633391
0,8,4,0,2.063315237790936,1.4970308181276168,0.5542416291093548,7,7.094570259148109,0.03423409664288414,-7.094570259148109
0,3,4,0,2.064604812855292,1.4795022850530335,0.5536842557067161,7,6.9401668831602406,0.04488914480443177,-6.9401668831602406
0,8,8,0,2.0651721852682337,1.4983919431821446,0.5534389186487131,7,7.096990880547639,0.03575068946650115,-7.096990880547639
1,8,2,0,2.0653001791040895,1.5059743809553463,0.553383563615971,7,7.160072395580544,0.0324025968940155,-7.160072395580544
0,7,2,0,2.0656929513182516,1.4890147019965279,0.5532136752785339,7,7.1073044847273525,0.03449972157722628,-7.1073044847273525
1,3,4,0,2.065736463360518,1.4811993452507457,0.5531948527423166,7,7.064062015390165,0.04275210310903513,-7.064062015390165
1,8,4,0,2.066473397237215,1.5062260551044988,0.5528760080237085,7,7.1615068110356415,0.029857320120797278,-7.1615068110356415
1,14,4,32,2.0671993874337358,1.471472976537203,0.5525617870368222,7,7.1801944408788305,0.028956031850043275,-7.1801944408788305
0,7,4,0,2.067330901511001,1.4926663978728536,0.5525048536844872,7,7.070648238443387,0.03595569905425744,-7.070648238443387
0,3,8,0,2.067374727111622,1.4821844373274362,0.5524858804747085,7,6.946446967988613,0.047633148036825314,-6.946446967988613
1,13,4,32,2.0682029590809328,1.4679162495529472,0.5521272423045938,7,7.147815778988061,0.026909268067434704,-7.147815778988061
0,1,4,0,2.06890490760931,1.4833540708468482,0.5518231744927589,7,6.82025901436478,0.04983630900037885,-6.82025901436478
0,7,8,0,2.0691255852185115,1.4939239406449738,0.5517275607555976,7,7.071389888711115,0.037415331364623085,-7.071389888711115
1,12,4,32,2.0691800025688565,1.4720494842795484,0.5517039815979813,7,7.135575076023801,0.029810701472134563,-7.135575076023801
1,7,2,0,2.0695028212700106,1.5004764475631545,0.5515640907937256,7,7.132124869122931,0.035991647227217136,-7.132124869122931
1,1,2,0,2.0695090533014775,1.492684520837993,0.5515613899799106,7,7.018095443125191,0.04999180745679665,-7.018095443125191
0,0,4,0,2.0695283549656356,1.4826392020119605,0.5515530250473714,7,6.798018299147513,0.05048209335580453,-6.798018299147513
0,1,8,0,2.0702940865297745,1.4833869106582447,0.5512211102607059,7,6.83448365186833,0.052836917326999897,-6.83448365186833
1,0,2,0,2.0704746981222475,1.4912187950416314,0.5511428042789043,7,6.970033708231189,0.05298997865710869,-6.970033708231189
4,8,4,0,2.0704996920831173,1.5015842975633154,0.5511319673564243,7,7.08999944125241,0.040128975591288966,-7.08999944125241
1,7,4,0,2.0707983933877516,1.5005233032215068,0.5510024458318992,7,7.13700836087736,0.03371676943994691,-7.13700836087736
1,1,4,0,2.070921949239371,1.4859048963298387,0.5509488646330962,7,7.03598148760677,0.043612981878570885,-7.03598148760677
1,11,4,32,2.0710464953173715,1.470632660253454,0.5508948507775715,7,7.116287970721997,0.026390949771437515,-7.116287970721997
0,0,8,0,2.0711689512544424,1.482447329685736,0.5508417402193166,7,6.813393531677016,0.05436004981089409,-6.813393531677016
1,2,2,0,2.0712472149585723,1.494554499409487,0.5508077946995245,7,7.091278839513784,0.04664967353621342,-7.091278839513784
0,0,2,0,2.0713327888670996,1.4844594948982648,0.5507706770377896,7,6.869146899100725,0.04227900313024338,-6.869146899100725
0,1,2,0,2.071391127539658,1.4858789450298524,0.550745371773874,7,6.891501241757238,0.04140312098109291,-6.891501241757238
1,0,4,0,2.071693314541017,1.4841082308156832,0.5506142822757985,7,6.996193474484231,0.04592119549667479,-6.996193474484231
0,6,2,0,2.0723567907372487,1.4908899516103784,0.5503263975120932,7,7.086624785340937,0.03657305072602083,-7.086624785340937
0,2,4,0,2.0726734636647794,1.4872671345947048,0.5501889594641027,7,6.8787561539470525,0.04961865386787231,-6.8787561539470525
4,5,4,0,2.0727840025813253,1.4918124679484817,0.5501409799325376,7,6.979077869993145,0.05267496591520776,-6.979077869993145
4,4,4,0,2.072902123142029,1.4892563933570073,0.5500897067524253,7,6.9387425952885815,0.053548547296596666,-6.9387425952885815
1,2,4,0,2.072913695543254,1.4879043685140778,0.5500846833054387,7,7.101195100818608,0.04105398190684011,-7.101195100818608
0,2,8,0,2.0733465348863405,1.4863688948082288,0.549896772557191,7,6.889726163422305,0.05203996238247876,-6.889726163422305
5,8,4,0,2.0737924531513565,1.5084268280567026,0.5497031427607952,7,7.097287232820607,0.03654693838515346,-7.097287232820607
4,7,4,0,2.0738379356026266,1.4974487544732704,0.5496833907075696,7,7.0624299980996215,0.04178756875580432,-7.0624299980996215
1,12,2,32,2.074015666432748,1.4788221237642083,0.5496062018655918,7,7.1642402249365,0.04330945981844796,-7.1642402249365
0,6,4,0,2.0743025559008776,1.4936310340031878,0.5494815912601498,7,7.052340491333569,0.03802159277876787,-7.052340491333569
3,8,4,0,2.0744364395589048,1.4979578236311502,0.5494234329177718,7,7.332936427351205,0.028769956329977663,-7.332936427351205
1,20,4,96,2.075706947377303,1.4697184966429433,0.5488713443168558,7,7.231792256222802,0.035413467588506095,-7.231792256222802
5,5,4,0,2.075817781588378,1.496077600516735,0.548823166202292,7,7.026314394147706,0.04863508772891453,-7.026314394147706
0,6,8,0,2.0759268126999855,1.4943733774433479,0.5487757693603768,7,7.0526543840734,0.03956162130321156,-7.0526543840734
0,2,2,0,2.0760554042541046,1.4899579090912083,0.5487198662121234,7,6.947211998437828,0.04059377179284748,-6.947211998437828
1,10,4,32,2.0761072560319516,1.4733534694492847,0.5486973234905639,7,7.121358177628922,0.03470728699433868,-7.121358177628922
1,6,2,0,2.076242667743776,1.4992597119948738,0.5486384501729462,7,7.103641691343244,0.03874487845155349,-7.103641691343244
4,3,4,0,2.076655799238433,1.4907152843143927,0.5484588081429396,7,6.924785822148061,0.054862135745649104,-6.924785822148061
5,4,4,0,2.076894085506931,1.4927335490221953,0.5483551778361877,7,6.977960640627645,0.04954554204403764,-6.977960640627645
1,11,2,32,2.0769102496351843,1.4785922343714535,0.5483481476527129,7,7.153789519565186,0.044521425011590315,-7.153789519565186
5,7,4,0,2.077212109931715,1.5019796925483764,0.54821685101176,7,7.068466419612258,0.038478270124535405,-7.068466419612258
3,8,2,0,2.0774726130569245,1.501101180379252,0.5481035276766285,7,7.30714538121949,0.03039736066114056,-7.30714538121949
1,6,4,0,2.0776258534303182,1.498663296633977,0.5480368588428601,7,7.111842051133743,0.03676744162383098,-7.111842051133743
1,10,2,32,2.077871248429742,1.4798518617436598,0.5479300869286413,7,7.156628643000177,0.04822666062727222,-7.156628643000177
1,14,2,32,2.0783172252908964,1.484559499767515,0.5477360091124743,7,7.22292699868759,0.04181925339153994,-7.22292699868759
1,18,4,96,2.0792599545731663,1.4742840804272195,0.5473256201672029,7,7.1526621866871745,0.038595452452116014,-7.1526621866871745
5,8,2,0,2.079680998678199,1.5140529177383433,0.5471422711095107,7,7.124331908238881,0.038360182167242386,-7.124331908238881
4,6,4,0,2.0800759624347127,1.4974379564192495,0.5469702453283866,7,7.046493442925609,0.04376259832752637,-7.046493442925609
3,7,4,0,2.0801165239492008,1.497504834857896,0.5469525769812189,7,7.315726573999563,0.031191079348792637,-7.315726573999563
4,8,2,0,2.0801425494306827,1.5134630551235955,0.5469412402595086,7,7.113312633079184,0.04303215698640549,-7.113312633079184
1,9,4,32,2.080331412474172,1.4721247700076352,0.5468589671088722,7,7.115026374120551,0.03225914269767326,-7.115026374120551
5,3,4,0,2.081143521231709,1.4942262739901064,0.5465051084612456,7,6.954070230094301,0.05119856876264502,-6.954070230094301
2,7,4,0,2.0813156679680125,1.5073885576253025,0.5464300815412002,7,7.181181963938541,0.03412601801865884,-7.181181963938541
3,5,4,0,2.0816272378006264,1.491477137549354,0.54629427390438,7,7.507050248936922,0.032481864982254804,-7.507050248936922
1,20,2,96,2.081805354622801,1.4798956094472575,0.5462166268808598,7,7.283881770957963,0.04913793691980668,-7.283881770957963
4,7,2,0,2.0823331435715544,1.5071859921951947,0.5459865071833211,7,7.081833238433658,0.044491178358507265,-7.081833238433658
1,9,2,32,2.082599682466784,1.4803973273863935,0.5458702721803294,7,7.166263692018172,0.05041718992847364,-7.166263692018172
5,7,2,0,2.0827743163215326,1.50766153647803,0.5457941079989319,7,7.09280808431169,0.04057556431959694,-7.09280808431169
3,7,2,0,2.0827750255108075,1.499927711682155,0.5457937986826518,7,7.289855461090943,0.03276476875461563,-7.289855461090943
2,7,2,0,2.0834074192342786,1.5109802576337705,0.5455179352271031,7,7.180364796681474,0.035254141167925204,-7.180364796681474
5,6,4,0,2.083500828677211,1.5009577069106403,0.5454771809629217,7,7.047881630026772,0.040822876144017854,-7.047881630026772
3,4,4,0,2.0837557140435368,1.4896632479501162,0.5453659659348533,7,7.475928839933252,0.03444656853222565,-7.475928839933252
1,16,4,96,2.083845782066777,1.4776808692083967,0.5453266629844782,7,7.117007675352434,0.043413764637476294,-7.117007675352434
0,14,4,32,2.084096750930519,1.481799629768137,0.5452171388314714,7,7.073521531344032,0.028979145078833226,-7.073521531344032
2,6,4,0,2.0842233128350576,1.5024425529074457,0.5451619015372176,7,7.125381820259965,0.035828559192440004,-7.125381820259965
1,13,2,32,2.0845193916622833,1.4850330421429911,0.5450326663490184,7,7.205662624451766,0.04228279471183614,-7.205662624451766
4,4,2,0,2.0845988531374133,1.5034461132533639,0.5449979791547679,7,6.978496568679728,0.05860924780998956,-6.978496568679728
0,13,4,32,2.084660770770239,1.4811578063429067,0.5449709494301596,7,7.041861346048492,0.023664315817376883,-7.041861346048492
0,11,4,32,2.084968319362439,1.480951370658701,0.5448366792709439,7,6.993186864202895,0.025464893185716948,-6.993186864202895
3,5,2,0,2.085121791477266,1.4929268740620203,0.544769668709926,7,7.471305725361605,0.03543927683405409,-7.471305725361605
4,5,2,0,2.0853322032913857,1.5076285176079611,0.5446777885395063,7,7.022786782054262,0.058140795959808624,-7.022786782054262
4,1,4,0,2.0855112354108156,1.497656285407101,0.5445996035868479,7,6.769399991820133,0.062281024547501646,-6.769399991820133
1,18,2,96,2.0855640426650606,1.4810427791949046,0.5445765408973992,7,7.194254804391833,0.05336794633809883,-7.194254804391833
2,6,2,0,2.08588846890521,1.505749331273707,0.544434840321975,7,7.122364841318879,0.037355164718915805,-7.122364841318879
2,8,4,0,2.0860703233046243,1.5163695549816965,0.54435540161645,7,7.259806581678325,0.031844153961167465,-7.259806581678325
0,12,4,32,2.0860913116947124,1.4832330351766487,0.5443462328990061,7,7.025856011815738,0.030884217335537638,-7.025856011815738
5,5,2,0,2.0862072806067107,1.5066572031601748,0.5442955705525443,7,7.068538994253767,0.051768546998557145,-7.068538994253767
4,0,4,0,2.086403095346999,1.4982036163125878,0.5442100202497187,7,6.75311289326352,0.06375652839554671,-6.75311289326352
5,4,2,0,2.086796367367115,1.504224377477287,0.5440381777710506,7,7.018265244434512,0.05296808711142401,-7.018265244434512
2,3,4,0,2.0869548142561123,1.4956664843346876,0.5439689343354082,7,7.10983879355153,0.04366933335935854,-7.10983879355153
3,4,2,0,2.086999466662263,1.4924430309314163,0.5439494196798306,7,7.438031868001775,0.03748222820375243,-7.438031868001775
2,4,4,0,2.0871847257781417,1.4995621992654633,0.5438684505386715,7,7.177056433236985,0.042683966466958864,-7.177056433236985
0,20,4,96,2.0872472362440084,1.485714123767947,0.543841128162958,7,6.97546714655707,0.024338198336304313,-6.97546714655707
0,12,2,32,2.0873233847118824,1.480861583250065,0.5438078437180465,7,7.082896992556179,0.02185392361496324,-7.082896992556179
0,11,2,32,2.087644309101639,1.480666901034012,0.5436675545370515,7,7.05382378719098,0.01550935580454346,-7.05382378719098
0,14,8,32,2.0876829647584443,1.4848125542734112,0.5436506551125306,7,7.0721102806704454,0.03356594994163538,-7.0721102806704454
4,6,2,0,2.087764827601718,1.5048486223322377,0.5436148653992678,7,7.067206732313214,0.046013518778050135,-7.067206732313214
4,3,2,0,2.087810089276749,1.5032095025568044,0.543595076791574,7,6.967922609756427,0.059164014000682455,-6.967922609756427
0,13,8,32,2.0879744870257633,1.4828861643430482,0.5435231977481,7,7.033916957434399,0.028614330793714438,-7.033916957434399
3,6,4,0,2.0881005760195253,1.5015830888989088,0.5434680644704648,7,7.311725708852039,0.03409052707583284,-7.311725708852039
3,3,4,0,2.0881190507479364,1.492893550009855,0.5434599859890656,7,7.470752439473817,0.03723568000857848,-7.470752439473817
2,3,2,0,2.0884011638734856,1.4996023250367612,0.5433366169400986,7,7.109681048834219,0.04699535144827707,-7.109681048834219
5,6,2,0,2.088523867108963,1.5060738515347118,0.5432829531883966,7,7.068932963773592,0.042967847965771806,-7.068932963773592
5,1,4,0,2.0886210087812955,1.4982943623757643,0.5432404664443444,7,6.885803703302709,0.061352031665754266,-6.885803703302709
2,8,2,0,2.088664126567496,1.5191241492825223,0.5432216074334298,7,7.26368634194626,0.03286703806898834,-7.26368634194626
0,14,2,32,2.0887747371568657,1.481316378541257,0.5431732263994489,7,7.139310403018711,0.018779065402963247,-7.139310403018711
4,2,4,0,2.088809802561669,1.499521045142367,0.5431578882685201,7,6.818212485686508,0.06089944627368341,-6.818212485686508
2,4,2,0,2.0891461609696975,1.503302136683114,0.543010747004353,7,7.18276522338045,0.04525251623930036,-7.18276522338045
0,20,8,96,2.089603958703152,1.4860617111180614,0.5428104435787284,7,6.982431939464236,0.02990839723686164,-6.982431939464236
1,16,2,96,2.089805090903827,1.4857556296082142,0.5427224269315947,7,7.134991693881534,0.0562152097162414,-7.134991693881534
1,19,4,96,2.0900759969159917,1.4705395250312006,0.5426038634601204,7,7.277123058128814,0.040848644619537945,-7.277123058128814
5,0,4,0,2.090279696425695,1.498689065139304,0.5425147031528899,7,6.858066453270867,0.06287019373682562,-6.858066453270867
5,3,2,0,2.0903794191121623,1.50386175639002,0.5424710508597026,7,6.991443274395818,0.0548145048069096,-6.991443274395818
5,2,4,0,2.0903919344501274,1.5006957023777343,0.5424655722881893,7,6.946647825189136,0.06029728264969932,-6.946647825189136
3,6,2,0,2.0909619808984274,1.5043156254031442,0.5422160004895007,7,7.28894587947427,0.03574438198280617,-7.28894587947427
0,18,4,96,2.09112894641318,1.4905041990603916,0.5421428885022952,7,6.902995556067789,0.027948057322922052,-6.902995556067789
0,19,8,96,2.0914936190374394,1.4843440950328173,0.5419831828911528,7,6.875205676629527,0.027593666210231137,-6.875205676629527
0,10,2,32,2.09150585882393,1.484079529576899,0.541977822086412,7,7.0257386969032956,0.020363883247027897,-7.0257386969032956
0,18,8,96,2.091938166841541,1.4896597304235373,0.5417884588841881,7,6.93519209244466,0.03308507038630998,-6.93519209244466
0,13,2,32,2.091977040751312,1.4824682736125234,0.5417714290886713,7,7.10790602191448,0.012610393376704136,-7.10790602191448
3,3,2,0,2.0920353171324613,1.4961844791317724,0.5417458989090583,7,7.43595583566554,0.040579371353920604,-7.43595583566554
0,10,4,32,2.092197370721788,1.4867216048108454,0.541674901447845,7,6.9892173280103,0.03448621661299142,-6.9892173280103
4,18,4,96,2.09233432045321,1.4905782434359216,0.5416148979755852,7,7.041767398631237,0.03784383138295083,-7.041767398631237
0,12,8,32,2.0924566584453155,1.4893792583598588,0.5415612932032772,7,7.034839036323559,0.035010391359058174,-7.034839036323559
0,17,8,96,2.0928143091134808,1.4872867298924861,0.5414045636274947,7,6.858740577491785,0.033063664328218785,-6.858740577491785
0,11,8,32,2.093696434456408,1.4889391775883871,0.5410178843968223,7,7.004308570059168,0.031015133061850605,-7.004308570059168
4,14,4,32,2.094019361170735,1.4966979106377056,0.5408762888775775,7,7.109369129751968,0.05125587891043484,-7.109369129751968
4,20,4,96,2.094217399872206,1.494081987777199,0.5407894429154403,7,7.091755212467159,0.04184171921448612,-7.091755212467159
2,5,4,0,2.094477108436686,1.507971852113186,0.5406755404051395,7,7.281799243784481,0.041590095717918045,-7.281799243784481
0,16,4,96,2.0947934306570115,1.4924183129212738,0.5405367893020512,7,6.8869376221831535,0.035048950718838956,-6.8869376221831535
4,1,2,0,2.09490246855854,1.5112175624247255,0.5404889562246113,7,6.836027804732327,0.07151571317786774,-6.836027804732327
4,16,4,96,2.0949378623727934,1.4923341362762186,0.5404734290235453,7,7.011524195796633,0.04177912626558866,-7.011524195796633
4,12,4,32,2.0951320304016563,1.4970377917025233,0.5403882432001389,7,7.076602295794524,0.05110789336184302,-7.076602295794524
0,10,8,32,2.0954429404213846,1.489950217557012,0.5402518236322393,7,6.996882594827483,0.03768343282327939,-6.996882594827483
0,19,4,96,2.0958425142297306,1.490004032782336,0.5400764708788053,7,6.861366048221399,0.021202357130446107,-6.861366048221399
0,9,4,32,2.0959400867075564,1.4873901780725627,0.5400336461697484,7,6.974658712537227,0.029934486316724105,-6.974658712537227
4,0,2,0,2.096211045041194,1.5110458848494972,0.5399147116891252,7,6.82364741212961,0.07175264101224846,-6.82364741212961
4,10,4,32,2.096791277350626,1.4928028728879679,0.5396599727430329,7,7.08197775333126,0.05119375098363569,-7.08197775333126
2,5,2,0,2.096990842071692,1.5100333139481255,0.5395723417022752,7,7.297215034201792,0.043854604696525926,-7.297215034201792
1,17,4,96,2.0975267684600314,1.4818349258875392,0.5393369693214425,7,7.173905501279556,0.045109533079139716,-7.173905501279556
0,20,2,96,2.097660846725844,1.489761434313285,0.5392780743645089,7,7.0678814919763555,0.009750124149303948,-7.0678814919763555
4,2,2,0,2.098008335696082,1.5138817787881085,0.5391254195174437,7,6.890130101446447,0.07098866713378901,-6.890130101446447
0,16,8,96,2.0982118064710584,1.4925329139517762,0.5390360213451673,7,6.927313067643461,0.037355643716110436,-6.927313067643461
0,9,8,32,2.0988528033919636,1.4911724624751186,0.5387543323149075,7,6.972684200794169,0.033858043819198276,-6.972684200794169
4,19,4,96,2.0991029279596822,1.4967302192701797,0.538644390591098,7,7.063315267248487,0.04380272803247535,-7.063315267248487
4,17,4,96,2.0994817148189773,1.4960892335192038,0.5384778706863868,7,7.00550233704125,0.041523538626548374,-7.00550233704125
0,18,2,96,2.099565947766908,1.4928368720416287,0.5384408366421566,7,6.993390037306544,0.014754241401334285,-6.993390037306544
2,0,2,0,2.0996538888815746,1.5033391133365352,0.5384021706717758,7,7.091852099971829,0.057464311760737345,-7.091852099971829
0,15,8,96,2.099830199645393,1.4932494786912802,0.5383246454346051,7,6.8605129989944045,0.03785940786592888,-6.8605129989944045
0,9,2,32,2.100137453462691,1.4886482674542094,0.5381895279444877,7,7.0157927574595975,0.014299292424060094,-7.0157927574595975
0,16,2,96,2.1002520953700414,1.493411178974067,0.5381391081224135,7,6.9526852146610905,0.022949313742703488,-6.9526852146610905
0,17,4,96,2.1006109825408688,1.495903468368143,0.5379812507764299,7,6.796724064694117,0.026675152406810884,-6.796724064694117
2,0,4,0,2.10067722697018,1.5036054625450952,0.5379521100633491,7,7.0873549104005615,0.050904045198284634,-7.0873549104005615
2,12,4,32,2.1009782872749962,1.4960278672790621,0.5378196630174912,7,7.22746101282948,0.03848886138310757,-7.22746101282948
4,15,4,96,2.1013389552993402,1.4965629231066084,0.5376609674441798,7,6.9784359702237975,0.04747682665219531,-6.9784359702237975
2,20,4,96,2.101405164699069,1.496453101149813,0.5376318320474452,7,7.328251251981998,0.03788850902648984,-7.328251251981998
4,13,4,32,2.101432427796765,1.5003647997776361,0.5376198346749088,7,7.089933212184985,0.05466233228709385,-7.089933212184985
2,19,4,96,2.1016391863439563,1.4961972433847908,0.5375288436413357,7,7.319589296225879,0.03713430859273849,-7.319589296225879
5,1,2,0,2.102365011057026,1.5124154382749175,0.5372093492573622,7,6.940419891340846,0.06560738496307614,-6.940419891340846
3,14,4,32,2.1024177576679133,1.4990468267788848,0.5371861268916264,7,7.633108357438844,0.026240241852887654,-7.633108357438844
0,15,4,96,2.103334873668229,1.4980666865339436,0.5367822617851383,7,6.779043410911468,0.03496437079536278,-6.779043410911468
2,1,2,0,2.103573090326026,1.507745667926547,0.5366773308665949,7,7.174031071623612,0.05520854089101586,-7.174031071623612
5,0,2,0,2.103633919322075,1.5119760286443238,0.5366505346878171,7,6.910265415175148,0.06757983805540994,-6.910265415175148
1,19,2,96,2.1041595732318887,1.4893598960316896,0.5364189431677726,7,7.355694891789341,0.057730013835548336,-7.355694891789341
2,1,4,0,2.1042043270001987,1.5081785162257604,0.5363992229715382,7,7.161278547276693,0.04969624755293334,-7.161278547276693
2,11,4,32,2.1043839882130135,1.4950723853560146,0.5363200532515884,7,7.227638762610011,0.036635121357014064,-7.227638762610011
5,2,2,0,2.1046251881049196,1.5158004589688692,0.53621375519661,7,7.004570532659649,0.06441022846238476,-7.004570532659649
2,14,4,32,2.1049605147639068,1.5082156604966623,0.5360659547405435,7,7.33117854857565,0.04447447113397414,-7.33117854857565
5,14,4,32,2.105461707200903,1.5063384960220343,0.5358450024569013,7,7.039429309499849,0.04257850679317741,-7.039429309499849
5,20,4,96,2.1061018538787004,1.4998643704711847,0.5355627152530245,7,7.050188060401795,0.03965290559288543,-7.050188060401795
3,12,4,32,2.1062320043746054,1.4990215906132596,0.5355053119412856,7,7.6079448601777715,0.027118445098003038,-7.6079448601777715
2,10,4,32,2.1063697280998706,1.4979717984023522,0.5354445645685435,7,7.170100133505047,0.039846570025543336,-7.170100133505047
4,11,4,32,2.1064217888771917,1.5024880093139505,0.5354216004937821,7,7.075871930773469,0.05182135098594196,-7.075871930773469
4,9,4,32,2.1064611223237706,1.497247075115465,0.5354042500843186,7,7.100315085590238,0.05296098928099072,-7.100315085590238
1,15,4,96,2.1068351471039963,1.4884005857735918,0.5352392475131271,7,7.13280008462292,0.05548784569318771,-7.13280008462292
2,20,2,96,2.1071196135424763,1.5075643418422566,0.5351137343597565,7,7.24120357870475,0.04590960251383514,-7.24120357870475
3,14,2,32,2.107468327936665,1.4995104080450892,0.534959850407726,7,7.600620927869138,0.03427798376927369,-7.600620927869138
2,10,2,32,2.108176043996427,1.502961810445207,0.534647464557102,7,7.133533854261256,0.049797730138100856,-7.133533854261256
2,13,4,32,2.1086657972723217,1.5069902786168468,0.5344312260677877,7,7.335067059341964,0.046107037447571206,-7.335067059341964
3,20,2,96,2.1091570297350004,1.5016285819938968,0.5342142840233901,7,7.608659028135863,0.024128322918791432,-7.608659028135863
4,14,2,32,2.109161621311369,1.5090753373511627,0.5342122560160069,7,7.119867271618937,0.05056500643824434,-7.119867271618937
3,12,2,32,2.109453759211185,1.4987857123582276,0.5340832154762323,7,7.550750860692127,0.03142079690124384,-7.550750860692127
2,14,2,32,2.1099215591988845,1.512370253943579,0.5338765458277962,7,7.32562293730035,0.050825386161979125,-7.32562293730035
3,0,4,0,2.1100908640537805,1.504479411164911,0.533801737236296,7,7.66423603067249,0.039993864506421985,-7.66423603067249
4,20,2,96,2.1100963831404975,1.5069875028600017,0.5337992984863367,7,7.0926423993599785,0.04424593924368836,-7.0926423993599785
2,12,2,32,2.110195349183548,1.5084196217120043,0.53375556672031,7,7.175895405498664,0.048643453154667206,-7.175895405498664
5,13,4,32,2.1103116838402456,1.5089630454699963,0.5337041573745025,7,6.9765120709823805,0.040756376466146396,-6.9765120709823805
3,1,4,0,2.1106159471559454,1.504884132851759,0.5335696872409146,7,7.666759371972593,0.03712299840052678,-7.666759371972593
5,12,4,32,2.111172850391424,1.5071624226972653,0.5333235118814481,7,7.025997973715787,0.045451279599489976,-7.025997973715787
3,20,4,96,2.1118948976774905,1.5006808515317975,0.5330042390049243,7,7.737427267751899,0.01500334797281293,-7.737427267751899
0,19,2,96,2.111977342868538,1.5014446665269754,0.5329677766731131,7,6.945006921261741,0.0007675895129795198,-6.945006921261741
3,13,4,32,2.1121466644513958,1.5056553169975961,0.5328928877965681,7,7.68926951120622,0.021176823038809352,-7.68926951120622
3,1,2,0,2.112165827701179,1.5005586777260298,0.5328844117460888,7,7.640598787836659,0.042376248919003864,-7.640598787836659
1,17,2,96,2.1124467104997278,1.4937268724513082,0.5327601663331829,7,7.231948937786839,0.06563284574156375,-7.231948937786839
4,18,2,96,2.112628033638765,1.5085045264464576,0.532679951264127,7,7.041890720190915,0.03810472662432744,-7.041890720190915
3,0,2,0,2.112734848452355,1.5011535002779484,0.5326326945156641,7,7.640525562846851,0.04573455068308778,-7.640525562846851
2,13,2,32,2.1130511595388937,1.5123125750533264,0.5324927389250546,7,7.3213946278931,0.053596182257256396,-7.3213946278931
3,2,4,0,2.113090879420014,1.507983865040768,0.5324751629120209,7,7.709076868590143,0.03506123067470629,-7.709076868590143
0,15,2,96,2.1136061016277314,1.5015514597522839,0.5322471475936714,7,6.84601723811338,0.02231452967408608,-6.84601723811338
2,2,2,0,2.1137171048182797,1.5151794461369248,0.5321980150496306,7,7.304606846030469,0.05407185898331179,-7.304606846030469
5,10,4,32,2.1137450550022523,1.507460923576136,0.5321856432540293,7,7.001375031508981,0.05087672197928806,-7.001375031508981
2,2,4,0,2.1140674889021174,1.516082636811797,0.5320429101351765,7,7.278542627265863,0.04896326506438855,-7.278542627265863
3,10,4,32,2.1141943238444383,1.5049088046102739,0.531986757631735,7,7.6037728414418755,0.028626974983719255,-7.6037728414418755
3,2,2,0,2.1143443527371297,1.5030761181715167,0.5319203323281894,7,7.6844957619254775,0.040102545227346686,-7.6844957619254775
0,17,2,96,2.114526265002597,1.5026451772080849,0.5318397843364071,7,6.904935066330763,0.01055626551211144,-6.904935066330763
4,10,2,32,2.114707153856468,1.5089642700292416,0.5317596826242996,7,7.105342879271964,0.053733054625982386,-7.105342879271964
4,12,2,32,2.1150326569155053,1.5119135521826141,0.531615525183482,7,7.106167234463046,0.05171580136483273,-7.106167234463046
5,18,4,96,2.115550318123862,1.5069837083468551,0.5313862198397508,7,6.990926085790384,0.038598701871529105,-6.990926085790384
2,9,4,32,2.1156452262569294,1.5001463922862424,0.531344172854386,7,7.177270378107916,0.03734574183409552,-7.177270378107916
4,16,2,96,2.1157131618271534,1.5079218859832124,0.5313140743183526,7,7.036281790389284,0.04211615919774113,-7.036281790389284
3,11,4,32,2.115815303455737,1.5046720885662337,0.5312688191295218,7,7.662196861492384,0.023873668693673303,-7.662196861492384
2,9,2,32,2.116153326457946,1.5054430548799227,0.5311190380242603,7,7.1331987791584135,0.04979777391732932,-7.1331987791584135
2,19,2,96,2.116919641507644,1.5120440645889286,0.5307793881594732,7,7.21234371764091,0.04587182065246519,-7.21234371764091
3,10,2,32,2.1180383453876366,1.5043632650703425,0.5302833300119283,7,7.550446550058263,0.03635424010643976,-7.550446550058263
5,19,4,96,2.1180681531696486,1.5053870142904704,0.5302701089947939,7,7.029090877841218,0.03748791305832461,-7.029090877841218
5,11,4,32,2.118110429588472,1.5117813541663783,0.5302513572886571,7,6.998408966195468,0.0437793110588554,-6.998408966195468
1,15,2,96,2.118389189123774,1.498362202866178,0.5301277041227699,7,7.13645290055977,0.07057977522565813,-7.13645290055977
4,17,2,96,2.118426266088995,1.5123221089307497,0.5301112561619128,7,6.994848924040882,0.03803326614935343,-6.994848924040882
2,11,2,32,2.1188194900864157,1.5103344415682394,0.5299367977142686,7,7.159409227073709,0.048932593899352374,-7.159409227073709
5,14,2,32,2.1189374932606593,1.514344254391645,0.5298844379027439,7,7.065932842405852,0.0458039901217807,-7.065932842405852
4,15,2,96,2.1192458747977403,1.51057943549106,0.5297475905350049,7,6.984469002019096,0.04546481628574266,-6.984469002019096
4,13,2,32,2.1195668596066546,1.5130423498966021,0.5296051291880653,7,7.083349002208124,0.05247597114213025,-7.083349002208124
4,19,2,96,2.1198519766922437,1.5100518596793389,0.5294785687688346,7,7.0512763093868625,0.046048074390750725,-7.0512763093868625
5,16,4,96,2.120278286166531,1.5066281518011766,0.5292893028053287,7,6.964138404621393,0.042438197049811284,-6.964138404621393
3,18,2,96,2.1205068225734123,1.5041969924441916,0.5291878252496363,7,7.617795566315062,0.031089991087499075,-7.617795566315062
3,18,4,96,2.121052566085666,1.5036758923430489,0.5289454532363909,7,7.73168346593772,0.021534615654161288,-7.73168346593772
5,9,4,32,2.121499836152607,1.51368503407552,0.5287467680965978,7,6.9756118521945565,0.05306434753508987,-6.9756118521945565
3,13,2,32,2.1215792186984936,1.5081284323189375,0.528711500612188,7,7.6794554297504884,0.029987306941704338,-7.6794554297504884
3,19,2,96,2.1227942996705136,1.5121450191419608,0.5281715088274219,7,7.646202218394447,0.016862586303809192,-7.646202218394447
2,18,4,96,2.1240518132084136,1.5073874652106138,0.5276123341059697,7,7.216975749324035,0.03139719100886651,-7.216975749324035
3,11,2,32,2.12435113020788,1.5071733753161594,0.527479188934734,7,7.620634679589601,0.026516774696070576,-7.620634679589601
3,9,4,32,2.1256985926701613,1.512071637907599,0.5268795649129097,7,7.667362131090207,0.024860289989594848,-7.667362131090207
5,20,2,96,2.1262917631254283,1.5127607726106829,0.526615482111227,7,7.140152398530938,0.04560137756528086,-7.140152398530938
5,12,2,32,2.1264296399258535,1.5190353216117984,0.5265540880354322,7,7.050024281830352,0.04978196774188654,-7.050024281830352
3,16,2,96,2.1272246312197427,1.5077888295465542,0.5262000149646182,7,7.588096511205584,0.03847932261640303,-7.588096511205584
5,10,2,32,2.127838354759155,1.5190361813683049,0.5259265843676153,7,7.041876846350101,0.05613726186761071,-7.041876846350101
3,19,4,96,2.1278926854390914,1.5088166352716623,0.5259023747656215,7,7.850830790088447,0.0038275130862716806,-7.850830790088447
3,16,4,96,2.1287005203983504,1.507753851026195,0.5255423327971431,7,7.755657122046022,0.02645936267616487,-7.755657122046022
5,13,2,32,2.1302190824523994,1.5207391654202307,0.5248651587242216,7,7.029189782392639,0.045987011161582415,-7.029189782392639
4,9,2,32,2.130512515515815,1.513936670116785,0.5247342521188121,7,7.105696085161901,0.054370010313586674,-7.105696085161901
2,16,4,96,2.130919827857938,1.506439402724164,0.5245525117084651,7,7.146835910272612,0.03143895132873338,-7.146835910272612
5,17,4,96,2.131694150854233,1.513609863001825,0.5242069174658843,7,6.973001748989901,0.0322485579108647,-6.973001748989901
4,11,2,32,2.1338887900526946,1.5200656603458975,0.5232267283871477,7,7.101144869785843,0.05201428776204675,-7.101144869785843
3,9,2,32,2.1346316206646883,1.5154790199875294,0.5228947303686671,7,7.630703571597672,0.03214524361368739,-7.630703571597672
2,18,2,96,2.136166045927683,1.5172393509397772,0.5222085740397963,7,7.1122762549292515,0.039967616036170994,-7.1122762549292515
5,11,2,32,2.139756410321653,1.5283756231723378,0.5206011269544182,7,7.046317471355434,0.050363472543801906,-7.046317471355434
5,9,2,32,2.1399989225749603,1.5276892409664031,0.5204924541273392,7,7.036333303289721,0.05916272084029125,-7.036333303289721
5,18,2,96,2.140277455719901,1.5241491457382415,0.520367624684591,7,7.083292155306647,0.03806205606399621,-7.083292155306647
5,15,4,96,2.1403708815748197,1.5154462684097343,0.5203257506344772,7,6.904976958806725,0.03963931408030911,-6.904976958806725
3,17,2,96,2.141115327770849,1.515345162927131,0.5199920199023955,7,7.68838089968847,0.027516289410191304,-7.68838089968847
5,16,2,96,2.1417740137756205,1.5236665960755995,0.5196966381749013,7,7.023407163566046,0.045137131983798734,-7.023407163566046
3,17,4,96,2.1439282280802194,1.5141754726153671,0.5187299659592256,7,7.870628350805619,0.015243801794027614,-7.870628350805619
5,19,2,96,2.1464549037176197,1.5265649239858192,0.5175949188006046,7,7.134781636818195,0.0414314640512817,-7.134781636818195
2,16,2,96,2.148263950986244,1.51767052530431,0.5167814273555735,7,7.082176169291657,0.03649049315463577,-7.082176169291657
3,15,2,96,2.1512727887384164,1.5226039486410774,0.5154268969117566,7,7.696248241452904,0.03930060897033833,-7.696248241452904
3,15,4,96,2.1552099524450217,1.5193174872699362,0.51365158559845,7,7.965852981648843,0.02134574899610033,-7.965852981648843
2,17,4,96,2.155820945733527,1.515025664858821,0.513375790901099,7,7.220975599106517,0.024254884621123622,-7.220975599106517
2,15,4,96,2.1599355416022337,1.5147346679399445,0.5115164781218313,7,7.139225368304837,0.025885175286987066,-7.139225368304837
5,17,2,96,2.1651763838380296,1.5375173072789494,0.5091431008802455,7,7.107464912061361,0.02714481815705671,-7.107464912061361
5,15,2,96,2.1696692710797545,1.5398497715771002,0.5071038648564253,7,6.962254145761098,0.04230870756721306,-6.962254145761098
2,17,2,96,2.1895681439592867,1.5290969856455174,0.49802132449280034,7,7.073187118933376,0.03476017282011925,-7.073187118933376
2,15,2,96,2.1936966025935143,1.5288275535119262,0.49612656550169787,7,7.051503664960774,0.03149219175339641,-7.051503664960774
