candidate,inner_fold,rmse,mae,r2,tail_n,tail_mae,bias,tail_bias
6,0,2.0697042421263947,1.4803670512328555,0.5648297660648578,13,6.7617507104420875,-0.00010043628730607567,-6.7617507104420875
7,0,2.0673169925603676,1.478200510772935,0.5658330599724783,13,6.785873877574791,0.007562211092097117,-6.785873877574791
0,0,2.063966240659055,1.4756919412083191,0.5672393336412188,13,6.8424223059878235,0.001644502079014882,-6.8424223059878235
1,0,2.061673122732598,1.475526124336949,0.5682004152207184,13,6.805021162984837,0.00717302857346566,-6.805021162984837
2,0,2.081264521163497,1.4858459341846013,0.5599549258608807,13,6.782059988194822,0.012117305493566738,-6.782059988194822
3,0,2.09370349011014,1.4931522663298609,0.5546792253001287,13,6.800497419440693,0.006225937663121717,-6.800497419440693
4,0,2.085243309809365,1.4901622631524927,0.558270834398076,13,6.720761951993259,0.020053578716324946,-6.720761951993259
5,0,2.0934008850425188,1.4934124796812258,0.5548079413151177,13,6.797580922028839,0.012987237092632501,-6.797580922028839
6,1,2.132795278513485,1.5119305258855582,0.58385081068225,23,7.321399428224681,-0.11328044039139672,-7.321399428224681
7,1,2.1515466865356374,1.5217377449264609,0.5765011257270963,23,7.494858895404161,-0.12140876747821956,-7.494858895404161
0,1,2.1619860472985484,1.530073584679322,0.5723815004339917,23,7.560804915121187,-0.12747026669845696,-7.560804915121187
1,1,2.163674455282075,1.5318800604769218,0.5717133403308284,23,7.58145017851404,-0.12229499070727058,-7.58145017851404
2,1,2.176671042141594,1.5288429860071453,0.5665526912721808,23,7.632354948421204,-0.12580951590347872,-7.632354948421204
3,1,2.1666398488460965,1.5249430999398803,0.5705385713467674,23,7.492260439003844,-0.12813923452485257,-7.492260439003844
4,1,2.1919656962964105,1.5341491537709997,0.5604399458874043,23,7.6783981194833535,-0.12917964191307332,-7.6783981194833535
5,1,2.2007619909761096,1.5408010590505923,0.5569049837777524,23,7.678829487723716,-0.1306130751624662,-7.678829487723716
6,2,2.153102688777818,1.5480010372516415,0.5379666181497786,12,6.834727670177064,0.12194249944486317,-6.834727670177064
7,2,2.1681077976528145,1.5535342786887818,0.5315042984387961,12,7.0744199400393155,0.12292897533967634,-7.0744199400393155
0,2,2.181860212580724,1.569029407742486,0.5255420660688548,12,7.149320999085346,0.12580396950385211,-7.149320999085346
1,2,2.1758089388288373,1.5622385997548416,0.5281701844408997,12,7.130750791661117,0.1252509552892069,-7.130750791661117
2,2,2.188186594124124,1.554539041844237,0.5227866617354867,12,7.087122970694591,0.12355718903495609,-7.087122970694591
3,2,2.180708588041918,1.555376194019381,0.5260427885230934,12,6.967509458404507,0.128046383390882,-6.967509458404507
4,2,2.1874363013966716,1.5499085604556453,0.5231138626364213,12,7.023512930173493,0.12454370717133659,-7.023512930173493
5,2,2.188689113636398,1.5550145152795523,0.5225674514077712,12,7.021491157709458,0.12410809912706548,-7.021491157709458
