model,ring_group,n,mae,bias
forest,1-7,839,1.1120488945964355,0.8550007802228548
forest,8-11,2378,1.1710402875110448,0.5813251137643336
forest,12-19,898,2.3971004042029898,-1.8539520965204674
forest,20+,62,7.314269203973125,-7.314269203973125
mean,1-7,839,3.8082076574183135,3.8082076574183135
mean,8-11,2378,0.9693120008915315,0.4963062613992904
mean,12-19,898,4.071592531102324,-4.071592531102324
mean,20+,62,11.597486681483922,-11.597486681483922
ridge,1-7,839,1.2090815209388626,1.0655142721319704
ridge,8-11,2378,1.2146413653366446,0.5694186039215025
ridge,12-19,898,2.545648918282512,-2.0208423161085447
ridge,20+,62,7.1053571354580916,-7.1053571354580916
rrl_clean_sensitivity,1-7,839,1.2537421033373064,1.0690100704410013
rrl_clean_sensitivity,8-11,2378,1.2054516120269134,0.4934899649285113
rrl_clean_sensitivity,12-19,898,2.8850892229398664,-2.765646628285078
rrl_clean_sensitivity,20+,62,9.137078701612904,-9.137078701612904
rrl_optimized,1-7,839,1.2825579548271753,1.044490256376639
rrl_optimized,8-11,2378,1.2530598169049623,0.6653280556770396
rrl_optimized,12-19,898,2.5093224801781733,-2.142745592650334
rrl_optimized,20+,62,8.29595945967742,-8.29595945967742
rrl_original,1-7,839,1.153258984147795,0.9113295379022646
rrl_original,8-11,2378,1.3587528404962153,0.40272408338940285
rrl_original,12-19,898,2.874051691759466,-2.6684358922049
rrl_original,20+,62,8.935955604838709,-8.935955604838709
rrl_quantile,1-7,839,1.2689803898688914,0.9946180036948747
rrl_quantile,8-11,2378,1.3299818027754415,0.5378930407905803
rrl_quantile,12-19,898,2.6499438048997774,-2.4019366801781734
rrl_quantile,20+,62,8.708930508064515,-8.708930508064515
rrl_quantile_paired,1-7,839,1.3146421868891536,0.7958296393325388
rrl_quantile_paired,8-11,2378,1.3319498042052145,0.553351715979815
rrl_quantile_paired,12-19,898,2.729989168596882,-2.546435003786191
rrl_quantile_paired,20+,62,8.80800602419355,-8.80800602419355
