model,suspect,n,mae,bias
forest,False,4170,1.5136078440479013,-0.006552783563901112
forest,True,7,1.7255671726491424,1.2468870397592213
mean,False,4170,2.362556444456925,-0.005663263666894778
mean,True,7,3.369150927219793,3.369150927219793
ridge,False,4170,1.5781883675894866,-0.002798186594271149
ridge,True,7,6.90227728659792,0.6376871826131502
rrl_clean_sensitivity,False,4170,1.6941941769304556,-0.23707214004796162
rrl_clean_sensitivity,True,7,1.567548857142857,1.2799797142857139
rrl_optimized,False,4170,1.6339284095683453,0.0032241724940048223
rrl_optimized,True,7,1.4402820714285716,0.9282305000000003
rrl_original,False,4170,1.7564770080335732,-0.29598976875299765
rrl_original,True,7,1.3024407999999998,0.8965727999999998
rrl_quantile,False,4170,1.7117968887529975,-0.14119714625899282
rrl_quantile,True,7,1.254496614285714,0.7847750999999997
rrl_quantile_paired,False,4170,1.7411543069784174,-0.20501132155875298
rrl_quantile_paired,True,7,1.0535165714285715,0.8105217142857143
