model,Sex,n,mae,bias
forest,F,1307,1.8120655908015406,-0.03126478119103491
forest,I,1342,1.143524541846596,0.025736210953067717
forest,M,1528,1.584322001016065,-0.008031298603067628
mean,F,1307,2.221930293896474,-1.1974719272405778
mean,I,1342,2.7586213446825383,2.0448745338116603
mean,M,1528,2.1396018921395674,-0.7716999793666399
ridge,F,1307,1.9014000282948842,0.0008346373986123613
ridge,I,1342,1.160614678467857,-0.002464728786012471
ridge,M,1528,1.6928577868907506,-0.003264288526816922
rrl_clean_sensitivity,F,1307,2.006314411935731,-0.3516027110941087
rrl_clean_sensitivity,I,1342,1.2487628385991059,-0.12394008494783901
rrl_clean_sensitivity,M,1528,1.8178467892670158,-0.23151742709424084
rrl_optimized,F,1307,1.9324762027543994,-0.015962048814077996
rrl_optimized,I,1342,1.2287722605067064,0.059107873025335336
rrl_optimized,M,1528,1.7335109108638744,-0.02520808573298427
rrl_original,F,1307,2.0530741267023718,-0.3277966417750574
rrl_original,I,1342,1.3456250224292101,-0.32698441512667664
rrl_original,M,1528,1.8615376606020941,-0.2360981873036649
rrl_quantile,F,1307,1.9847859278500384,-0.2095078931140015
rrl_quantile,I,1342,1.2927721545454545,-0.10489284366617
rrl_quantile,M,1528,1.8442140466623038,-0.11040946446335073
rrl_quantile_paired,F,1307,2.0134063954093344,-0.25670543871461354
rrl_quantile_paired,I,1342,1.353400405067064,-0.2362904172876304
rrl_quantile_paired,M,1528,1.8456823126308899,-0.12867003304973818
