config_id,inner_rmse,inner_std,scores,config,seconds
0,2.4228865319872277,0.11816899974238301,"[2.32436420402266, 2.5539029751228908, 2.3903924168161326]","{""alpha"": 0.9, ""beta"": 3, ""epochs"": 100, ""gamma"": 3, ""loss"": ""mse"", ""lr"": 0.002, ""structure"": ""5@16"", ""threshold"": ""random"", ""transform"": ""standard"", ""use_not"": false, ""wd"": 0.001}",2.2205284579999898
1,2.3917839131914396,0.05761357606491025,"[2.363236053286825, 2.45809714481217, 2.3540185414753254]","{""alpha"": 0.9, ""beta"": 3, ""epochs"": 100, ""gamma"": 3, ""loss"": ""mse"", ""lr"": 0.002, ""structure"": ""5@16"", ""threshold"": ""quantile"", ""transform"": ""standard"", ""use_not"": false, ""wd"": 0.001}",2.2556902500000433
2,2.6199368314117097,0.07694559877869359,"[2.586918670661713, 2.707881028969556, 2.56501079460386]","{""alpha"": 0.9, ""beta"": 3, ""epochs"": 100, ""gamma"": 3, ""loss"": ""mse"", ""lr"": 0.002, ""structure"": ""5@16"", ""threshold"": ""supervised"", ""transform"": ""standard"", ""use_not"": false, ""wd"": 0.001}",2.2630212090002715
3,2.463273712102778,0.13666038676540068,"[2.3677806551743905, 2.61981761355788, 2.402222867576065]","{""alpha"": 0.9, ""beta"": 3, ""epochs"": 100, ""gamma"": 3, ""loss"": ""huber"", ""lr"": 0.002, ""structure"": ""5@16"", ""threshold"": ""quantile"", ""transform"": ""standard"", ""use_not"": false, ""wd"": 0.001}",2.2140053339999213
4,2.391762251102136,0.05757617654281441,"[2.363236053286825, 2.458032158544258, 2.3540185414753254]","{""alpha"": 0.9, ""beta"": 3, ""epochs"": 100, ""gamma"": 3, ""loss"": ""mse"", ""lr"": 0.002, ""structure"": ""5@16"", ""threshold"": ""quantile"", ""transform"": ""log"", ""use_not"": false, ""wd"": 0.001}",2.2127151670001695
5,2.4113689548111243,0.0627993293521459,"[2.392236303707449, 2.4815093013074896, 2.3603612594184344]","{""alpha"": 0.999, ""beta"": 8, ""epochs"": 160, ""gamma"": 3, ""loss"": ""mse"", ""lr"": 0.005, ""structure"": ""5@32"", ""threshold"": ""quantile"", ""transform"": ""standard"", ""use_not"": false, ""wd"": 0.0}",4.621915499999886
6,2.368274007875385,0.05265684331249473,"[2.368594616949498, 2.420769814617104, 2.3154575920595524]","{""alpha"": 0.9, ""beta"": 3, ""epochs"": 80, ""gamma"": 3, ""loss"": ""mse"", ""lr"": 0.001, ""structure"": ""5@32@16"", ""threshold"": ""quantile"", ""transform"": ""standard"", ""use_not"": true, ""wd"": 0.0001}",3.0715058749997297
7,2.346331442593153,0.06482976722020431,"[2.354049229576254, 2.4069568537104646, 2.277988244492741]","{""alpha"": 0.999, ""beta"": 8, ""epochs"": 80, ""gamma"": 3, ""loss"": ""huber"", ""lr"": 0.001, ""structure"": ""5@32"", ""threshold"": ""quantile"", ""transform"": ""log"", ""use_not"": false, ""wd"": 0.0}",2.313168874999974
8,2.384283356154558,0.09220260329523908,"[2.3300987939805196, 2.4907440501709353, 2.33200722431222]","{""alpha"": 0.999, ""beta"": 8, ""epochs"": 160, ""gamma"": 1, ""loss"": ""mse"", ""lr"": 0.002, ""structure"": ""5@16"", ""threshold"": ""random"", ""transform"": ""standard"", ""use_not"": true, ""wd"": 0.0001}",4.350282834000154
9,2.38026940612632,0.09384555098790469,"[2.313421529724822, 2.4875547585139155, 2.3398319301402206]","{""alpha"": 0.999, ""beta"": 8, ""epochs"": 80, ""gamma"": 3, ""loss"": ""mse"", ""lr"": 0.002, ""structure"": ""5@64"", ""threshold"": ""random"", ""transform"": ""standard"", ""use_not"": true, ""wd"": 0.0}",2.659240915999817
10,2.617278953808814,0.06688955056067096,"[2.5915027672887, 2.6932218100179837, 2.5671122841197587]","{""alpha"": 0.9, ""beta"": 3, ""epochs"": 80, ""gamma"": 3, ""loss"": ""mse"", ""lr"": 0.005, ""structure"": ""5@32"", ""threshold"": ""supervised"", ""transform"": ""standard"", ""use_not"": false, ""wd"": 0.0}",1.9202894580002976
11,2.371397795888296,0.11205509910656952,"[2.299581788229511, 2.500516265968792, 2.314095333466585]","{""alpha"": 0.999, ""beta"": 8, ""epochs"": 80, ""gamma"": 3, ""loss"": ""mse"", ""lr"": 0.001, ""structure"": ""10@32"", ""threshold"": ""random"", ""transform"": ""standard"", ""use_not"": false, ""wd"": 0.001}",2.984450041999935
12,2.6087373674566408,0.06959022526885983,"[2.576562488895969, 2.688592999005342, 2.5610566144686118]","{""alpha"": 0.999, ""beta"": 8, ""epochs"": 160, ""gamma"": 1, ""loss"": ""mse"", ""lr"": 0.001, ""structure"": ""5@16"", ""threshold"": ""supervised"", ""transform"": ""log"", ""use_not"": true, ""wd"": 0.001}",4.460656375000326
13,2.3343664048972186,0.1023546350072346,"[2.27906935470724, 2.452475686608983, 2.2715541733754328]","{""alpha"": 0.999, ""beta"": 8, ""epochs"": 80, ""gamma"": 1, ""loss"": ""huber"", ""lr"": 0.001, ""structure"": ""10@32"", ""threshold"": ""random"", ""transform"": ""standard"", ""use_not"": false, ""wd"": 0.0001}",2.9932139170000482
14,2.322921393043749,0.08870497522158848,"[2.2616090105541837, 2.42463507118578, 2.2825200973912843]","{""alpha"": 0.999, ""beta"": 8, ""epochs"": 80, ""gamma"": 3, ""loss"": ""huber"", ""lr"": 0.002, ""structure"": ""10@32"", ""threshold"": ""quantile"", ""transform"": ""log"", ""use_not"": false, ""wd"": 0.0}",2.9450803340000675
15,2.4083595395410367,0.11576811734736929,"[2.3118932804437864, 2.5367359946757073, 2.3764493435036163]","{""alpha"": 0.999, ""beta"": 8, ""epochs"": 160, ""gamma"": 1, ""loss"": ""mse"", ""lr"": 0.001, ""structure"": ""5@32@16"", ""threshold"": ""random"", ""transform"": ""standard"", ""use_not"": true, ""wd"": 0.0}",9.715629792000072
16,2.3958920062322027,0.08547227034047979,"[2.407256176129967, 2.4751136946332553, 2.3053061479333854]","{""alpha"": 0.999, ""beta"": 8, ""epochs"": 160, ""gamma"": 1, ""loss"": ""mse"", ""lr"": 0.005, ""structure"": ""5@32@16"", ""threshold"": ""quantile"", ""transform"": ""standard"", ""use_not"": false, ""wd"": 0.0}",9.729407750000064
17,2.4296004709590386,0.09693170122630211,"[2.3756790194332322, 2.5415030150544786, 2.371619378389405]","{""alpha"": 0.9, ""beta"": 3, ""epochs"": 80, ""gamma"": 3, ""loss"": ""huber"", ""lr"": 0.002, ""structure"": ""5@32@16"", ""threshold"": ""random"", ""transform"": ""log"", ""use_not"": false, ""wd"": 0.0001}",3.0945476249999047
18,2.3455465757003755,0.06347566081028472,"[2.3501064317017493, 2.406619353247576, 2.2799139421518007]","{""alpha"": 0.999, ""beta"": 8, ""epochs"": 80, ""gamma"": 3, ""loss"": ""huber"", ""lr"": 0.002, ""structure"": ""5@32"", ""threshold"": ""quantile"", ""transform"": ""log"", ""use_not"": true, ""wd"": 0.0}",2.3756942919999346
19,2.3385650420813957,0.06220651919635383,"[2.306635560265132, 2.410252598547744, 2.2988069674313114]","{""alpha"": 0.999, ""beta"": 8, ""epochs"": 80, ""gamma"": 1, ""loss"": ""mse"", ""lr"": 0.001, ""structure"": ""5@16"", ""threshold"": ""quantile"", ""transform"": ""log"", ""use_not"": true, ""wd"": 0.0}",2.1962380830000257
20,2.4805511077338225,0.07594374277013356,"[2.4021331446683707, 2.5537515494798915, 2.4857686290532066]","{""alpha"": 0.9, ""beta"": 3, ""epochs"": 160, ""gamma"": 3, ""loss"": ""mse"", ""lr"": 0.005, ""structure"": ""5@32@16"", ""threshold"": ""quantile"", ""transform"": ""log"", ""use_not"": true, ""wd"": 0.001}",6.1142999579997195
21,2.6109720927391606,0.06718748297362948,"[2.5804638974880105, 2.6880007432584643, 2.564451637471008]","{""alpha"": 0.9, ""beta"": 3, ""epochs"": 80, ""gamma"": 3, ""loss"": ""huber"", ""lr"": 0.001, ""structure"": ""5@16"", ""threshold"": ""supervised"", ""transform"": ""standard"", ""use_not"": true, ""wd"": 0.0}",1.8166567500002202
22,2.6078353084445918,0.0602895933791375,"[2.5764635685884776, 2.677342136405946, 2.569700220339351]","{""alpha"": 0.999, ""beta"": 8, ""epochs"": 160, ""gamma"": 3, ""loss"": ""mse"", ""lr"": 0.002, ""structure"": ""5@32"", ""threshold"": ""supervised"", ""transform"": ""log"", ""use_not"": false, ""wd"": 0.001}",4.646034208000401
23,2.347445822303323,0.08834225009994384,"[2.3485718019297557, 2.435219700671697, 2.2585459643085164]","{""alpha"": 0.9, ""beta"": 3, ""epochs"": 160, ""gamma"": 3, ""loss"": ""mse"", ""lr"": 0.005, ""structure"": ""10@32"", ""threshold"": ""random"", ""transform"": ""log"", ""use_not"": false, ""wd"": 0.0001}",3.978479166999932
