config_id,mean_inner_rmse,std_inner_rmse,config
14,2.300874463175193,0.021764771508396986,"{""alpha"": 0.999, ""beta"": 8, ""epochs"": 80, ""gamma"": 3, ""loss"": ""huber"", ""lr"": 0.002, ""structure"": ""10@32"", ""threshold"": ""quantile"", ""transform"": ""log"", ""use_not"": false, ""wd"": 0.0}"
13,2.3115608320295586,0.017055827438699725,"{""alpha"": 0.999, ""beta"": 8, ""epochs"": 80, ""gamma"": 1, ""loss"": ""huber"", ""lr"": 0.001, ""structure"": ""10@32"", ""threshold"": ""random"", ""transform"": ""standard"", ""use_not"": false, ""wd"": 0.0001}"
23,2.318681488954971,0.019152966842924207,"{""alpha"": 0.9, ""beta"": 3, ""epochs"": 160, ""gamma"": 3, ""loss"": ""mse"", ""lr"": 0.005, ""structure"": ""10@32"", ""threshold"": ""random"", ""transform"": ""log"", ""use_not"": false, ""wd"": 0.0001}"
19,2.336849276651366,0.01604102225940726,"{""alpha"": 0.999, ""beta"": 8, ""epochs"": 80, ""gamma"": 1, ""loss"": ""mse"", ""lr"": 0.001, ""structure"": ""5@16"", ""threshold"": ""quantile"", ""transform"": ""log"", ""use_not"": true, ""wd"": 0.0}"
7,2.341793196576264,0.02604909469863738,"{""alpha"": 0.999, ""beta"": 8, ""epochs"": 80, ""gamma"": 3, ""loss"": ""huber"", ""lr"": 0.001, ""structure"": ""5@32"", ""threshold"": ""quantile"", ""transform"": ""log"", ""use_not"": false, ""wd"": 0.0}"
11,2.343133329832125,0.01722612563410207,"{""alpha"": 0.999, ""beta"": 8, ""epochs"": 80, ""gamma"": 3, ""loss"": ""mse"", ""lr"": 0.001, ""structure"": ""10@32"", ""threshold"": ""random"", ""transform"": ""standard"", ""use_not"": false, ""wd"": 0.001}"
18,2.347492538566475,0.007156933603339896,"{""alpha"": 0.999, ""beta"": 8, ""epochs"": 80, ""gamma"": 3, ""loss"": ""huber"", ""lr"": 0.002, ""structure"": ""5@32"", ""threshold"": ""quantile"", ""transform"": ""log"", ""use_not"": true, ""wd"": 0.0}"
6,2.3616333610648623,0.014104343209705371,"{""alpha"": 0.9, ""beta"": 3, ""epochs"": 80, ""gamma"": 3, ""loss"": ""mse"", ""lr"": 0.001, ""structure"": ""5@32@16"", ""threshold"": ""quantile"", ""transform"": ""standard"", ""use_not"": true, ""wd"": 0.0001}"
9,2.3793532278601766,0.04441826515379205,"{""alpha"": 0.999, ""beta"": 8, ""epochs"": 80, ""gamma"": 3, ""loss"": ""mse"", ""lr"": 0.002, ""structure"": ""5@64"", ""threshold"": ""random"", ""transform"": ""standard"", ""use_not"": true, ""wd"": 0.0}"
4,2.3819220491401984,0.020688323173241284,"{""alpha"": 0.9, ""beta"": 3, ""epochs"": 100, ""gamma"": 3, ""loss"": ""mse"", ""lr"": 0.002, ""structure"": ""5@16"", ""threshold"": ""quantile"", ""transform"": ""log"", ""use_not"": false, ""wd"": 0.001}"
1,2.382015393851531,0.02076558049533677,"{""alpha"": 0.9, ""beta"": 3, ""epochs"": 100, ""gamma"": 3, ""loss"": ""mse"", ""lr"": 0.002, ""structure"": ""5@16"", ""threshold"": ""quantile"", ""transform"": ""standard"", ""use_not"": false, ""wd"": 0.001}"
5,2.3866416407277837,0.025061668358598344,"{""alpha"": 0.999, ""beta"": 8, ""epochs"": 160, ""gamma"": 3, ""loss"": ""mse"", ""lr"": 0.005, ""structure"": ""5@32"", ""threshold"": ""quantile"", ""transform"": ""standard"", ""use_not"": false, ""wd"": 0.0}"
8,2.3901124399368627,0.039009689860804046,"{""alpha"": 0.999, ""beta"": 8, ""epochs"": 160, ""gamma"": 1, ""loss"": ""mse"", ""lr"": 0.002, ""structure"": ""5@16"", ""threshold"": ""random"", ""transform"": ""standard"", ""use_not"": true, ""wd"": 0.0001}"
16,2.4106278740137284,0.021995606508240464,"{""alpha"": 0.999, ""beta"": 8, ""epochs"": 160, ""gamma"": 1, ""loss"": ""mse"", ""lr"": 0.005, ""structure"": ""5@32@16"", ""threshold"": ""quantile"", ""transform"": ""standard"", ""use_not"": false, ""wd"": 0.0}"
17,2.4196080978450842,0.03262446709852498,"{""alpha"": 0.9, ""beta"": 3, ""epochs"": 80, ""gamma"": 3, ""loss"": ""huber"", ""lr"": 0.002, ""structure"": ""5@32@16"", ""threshold"": ""random"", ""transform"": ""log"", ""use_not"": false, ""wd"": 0.0001}"
15,2.4202247242541075,0.032699475194388365,"{""alpha"": 0.999, ""beta"": 8, ""epochs"": 160, ""gamma"": 1, ""loss"": ""mse"", ""lr"": 0.001, ""structure"": ""5@32@16"", ""threshold"": ""random"", ""transform"": ""standard"", ""use_not"": true, ""wd"": 0.0}"
0,2.4281889765193916,0.049769489174314535,"{""alpha"": 0.9, ""beta"": 3, ""epochs"": 100, ""gamma"": 3, ""loss"": ""mse"", ""lr"": 0.002, ""structure"": ""5@16"", ""threshold"": ""random"", ""transform"": ""standard"", ""use_not"": false, ""wd"": 0.001}"
3,2.4294634546156786,0.03760762830090647,"{""alpha"": 0.9, ""beta"": 3, ""epochs"": 100, ""gamma"": 3, ""loss"": ""huber"", ""lr"": 0.002, ""structure"": ""5@16"", ""threshold"": ""quantile"", ""transform"": ""standard"", ""use_not"": false, ""wd"": 0.001}"
20,2.4465881857689316,0.04195478042442079,"{""alpha"": 0.9, ""beta"": 3, ""epochs"": 160, ""gamma"": 3, ""loss"": ""mse"", ""lr"": 0.005, ""structure"": ""5@32@16"", ""threshold"": ""quantile"", ""transform"": ""log"", ""use_not"": true, ""wd"": 0.001}"
12,2.6019996504926173,0.027953623730541815,"{""alpha"": 0.999, ""beta"": 8, ""epochs"": 160, ""gamma"": 1, ""loss"": ""mse"", ""lr"": 0.001, ""structure"": ""5@16"", ""threshold"": ""supervised"", ""transform"": ""log"", ""use_not"": true, ""wd"": 0.001}"
22,2.6032962893775133,0.027389653133563962,"{""alpha"": 0.999, ""beta"": 8, ""epochs"": 160, ""gamma"": 3, ""loss"": ""mse"", ""lr"": 0.002, ""structure"": ""5@32"", ""threshold"": ""supervised"", ""transform"": ""log"", ""use_not"": false, ""wd"": 0.001}"
10,2.612274785818953,0.03122715439727311,"{""alpha"": 0.9, ""beta"": 3, ""epochs"": 80, ""gamma"": 3, ""loss"": ""mse"", ""lr"": 0.005, ""structure"": ""5@32"", ""threshold"": ""supervised"", ""transform"": ""standard"", ""use_not"": false, ""wd"": 0.0}"
21,2.615399298775854,0.029306163742910864,"{""alpha"": 0.9, ""beta"": 3, ""epochs"": 80, ""gamma"": 3, ""loss"": ""huber"", ""lr"": 0.001, ""structure"": ""5@16"", ""threshold"": ""supervised"", ""transform"": ""standard"", ""use_not"": true, ""wd"": 0.0}"
2,2.6188647931435227,0.03455705416540193,"{""alpha"": 0.9, ""beta"": 3, ""epochs"": 100, ""gamma"": 3, ""loss"": ""mse"", ""lr"": 0.002, ""structure"": ""5@16"", ""threshold"": ""supervised"", ""transform"": ""standard"", ""use_not"": false, ""wd"": 0.001}"
