model,fold,feature,min_activation,max_activation,near_constant_fraction,activation_span
rrl_original,0,Length,0.00299311583358276,0.9254714157437893,0.2,0.9224782999102066
rrl_original,0,Diameter,0.00149655791679138,0.7761149356480096,0.2,0.7746183777312182
rrl_original,0,Height,0.021849745585154144,0.90451960490871,0.0,0.8826698593235558
rrl_original,0,Whole weight,0.4705178090392098,1.0,0.2,0.5294821909607902
rrl_original,0,Shucked weight,0.24214307093684526,0.9595929362466328,0.0,0.7174498653097875
rrl_original,0,Viscera weight,0.058365758754863814,0.8964381921580366,0.0,0.8380724334031727
rrl_original,0,Shell weight,0.36156839269679736,0.6845255911403771,0.0,0.3229571984435798
rrl_original,1,Length,0.5597126608799761,0.8578269979048189,0.0,0.2981143370248428
rrl_original,1,Diameter,0.6758455552229872,0.8545345704878778,0.0,0.17868901526489067
rrl_original,1,Height,0.005686920083807243,0.7228374738102364,0.2,0.7171505537264292
rrl_original,1,Whole weight,0.24842861418736906,0.7686321460640527,0.0,0.5202035318766837
rrl_original,1,Shucked weight,0.24004788985333733,1.0,0.2,0.7599521101466626
rrl_original,1,Viscera weight,0.490272373540856,1.0,0.2,0.5097276264591439
rrl_original,1,Shell weight,0.2801556420233463,0.9140975755761748,0.0,0.6339419335528285
rrl_original,2,Length,0.02752842609216038,0.7983243566726511,0.0,0.7707959305804908
rrl_original,2,Diameter,0.11400359066427289,0.6929982046678635,0.0,0.5789946140035906
rrl_original,2,Height,0.011968880909634948,0.9521244763614602,0.0,0.9401555954518253
rrl_original,2,Whole weight,0.2713943746259725,0.8090963494913226,0.0,0.5377019748653501
rrl_original,2,Shucked weight,0.05056852184320766,0.6543985637342908,0.0,0.6038300418910831
rrl_original,2,Viscera weight,0.07959305804907241,1.0,0.2,0.9204069419509275
rrl_original,2,Shell weight,0.09485338120885697,0.8282465589467385,0.0,0.7333931777378815
rrl_original,3,Length,0.1343506882106523,0.9245960502692998,0.0,0.7902453620586475
rrl_original,3,Diameter,0.030819868342309993,0.7567324955116697,0.0,0.7259126271693597
rrl_original,3,Height,0.006582884500299222,0.895870736086176,0.2,0.8892878515858768
rrl_original,3,Whole weight,0.059245960502693,0.6923997606223818,0.0,0.6331538001196888
rrl_original,3,Shucked weight,0.1002393776181927,0.8734290843806104,0.0,0.7731897067624177
rrl_original,3,Viscera weight,0.4096349491322561,0.7471573907839617,0.0,0.3375224416517056
rrl_original,3,Shell weight,0.06822262118491922,0.3883901855176541,0.0,0.32016756433273486
rrl_original,4,Length,0.19748653500897667,0.6484141232794733,0.0,0.45092758827049667
rrl_original,4,Diameter,0.09814482345900659,0.7854578096947935,0.0,0.687312986235787
rrl_original,4,Height,0.05415918611609814,0.45272292040694195,0.0,0.3985637342908438
rrl_original,4,Whole weight,0.2540394973070018,0.6451226810293238,0.0,0.391083183722322
rrl_original,4,Shucked weight,0.057151406343506884,0.4422501496110114,0.0,0.3850987432675045
rrl_original,4,Viscera weight,0.3518850987432675,0.9988031119090365,0.2,0.646918013165769
rrl_original,4,Shell weight,0.059245960502693,0.7444643925792939,0.0,0.6852184320766008
rrl_quantile,0,Length,0.15743789284645315,0.8299910206524993,0.0,0.6725531278060461
rrl_quantile,0,Diameter,0.15145166117928763,0.8249027237354085,0.0,0.6734510625561209
rrl_quantile,0,Height,0.15653995809637833,0.8177192457348099,0.0,0.6611792876384316
rrl_quantile,0,Whole weight,0.16641724034720143,0.8326848249027238,0.0,0.6662675845555224
rrl_quantile,0,Shucked weight,0.16611792876384315,0.832984136486082,0.0,0.6668662077222389
rrl_quantile,0,Viscera weight,0.1655193055971266,0.8332834480694403,0.0,0.6677641424723137
rrl_quantile,0,Shell weight,0.16611792876384315,0.8290930859024245,0.0,0.6629751571385814
rrl_quantile,1,Length,0.1619275665968273,0.832984136486082,0.0,0.6710565698892548
rrl_quantile,1,Diameter,0.15833582759652798,0.8311882669859324,0.0,0.6728524393894044
rrl_quantile,1,Height,0.15085303801257108,0.8111343909009279,0.0,0.6602813528883568
rrl_quantile,1,Whole weight,0.1667165519305597,0.8332834480694403,0.0,0.6665668961388806
rrl_quantile,1,Shucked weight,0.1667165519305597,0.832984136486082,0.0,0.6662675845555224
rrl_quantile,1,Viscera weight,0.1667165519305597,0.832984136486082,0.0,0.6662675845555224
rrl_quantile,1,Shell weight,0.16641724034720143,0.8332834480694403,0.0,0.6668662077222389
rrl_quantile,2,Length,0.16666666666666666,0.8303411131059246,0.0,0.663674446439258
rrl_quantile,2,Diameter,0.16457211250748055,0.8252543387193297,0.0,0.6606822262118492
rrl_quantile,2,Height,0.15200478755236385,0.8177737881508079,0.0,0.665769000598444
rrl_quantile,2,Whole weight,0.1663674446439258,0.8330341113105925,0.0,0.6666666666666666
rrl_quantile,2,Shucked weight,0.16606822262118492,0.8333333333333334,0.0,0.6672651107121484
rrl_quantile,2,Viscera weight,0.1651705565529623,0.8324356672651108,0.0,0.6672651107121484
rrl_quantile,2,Shell weight,0.1663674446439258,0.8330341113105925,0.0,0.6666666666666666
rrl_quantile,3,Length,0.16487133453022143,0.8288450029922202,0.0,0.6639736684619988
rrl_quantile,3,Diameter,0.1615798922800718,0.8249551166965888,0.0,0.663375224416517
rrl_quantile,3,Height,0.15469778575703172,0.8102932375822861,0.0,0.6555954518252544
rrl_quantile,3,Whole weight,0.1663674446439258,0.8330341113105925,0.0,0.6666666666666666
rrl_quantile,3,Shucked weight,0.16666666666666666,0.8333333333333334,0.0,0.6666666666666667
rrl_quantile,3,Viscera weight,0.16666666666666666,0.8333333333333334,0.0,0.6666666666666667
rrl_quantile,3,Shell weight,0.1639736684619988,0.8300418910831837,0.0,0.6660682226211849
rrl_quantile,4,Length,0.16128067025733095,0.8279473369239976,0.0,0.6666666666666666
rrl_quantile,4,Diameter,0.16008378216636746,0.8231597845601436,0.0,0.6630760023937762
rrl_quantile,4,Height,0.14841412327947337,0.8165769000598444,0.0,0.6681627767803711
rrl_quantile,4,Whole weight,0.16666666666666666,0.8330341113105925,0.0,0.6663674446439258
rrl_quantile,4,Shucked weight,0.16666666666666666,0.8330341113105925,0.0,0.6663674446439258
rrl_quantile,4,Viscera weight,0.1663674446439258,0.8324356672651108,0.0,0.6660682226211849
rrl_quantile,4,Shell weight,0.1663674446439258,0.8327348892878516,0.0,0.6663674446439257
rrl_quantile_paired,0,Length,0.15743789284645315,0.8299910206524993,0.0,0.6725531278060461
rrl_quantile_paired,0,Diameter,0.15145166117928763,0.8249027237354085,0.0,0.6734510625561209
rrl_quantile_paired,0,Height,0.15653995809637833,0.8177192457348099,0.0,0.6611792876384316
rrl_quantile_paired,0,Whole weight,0.16641724034720143,0.8326848249027238,0.0,0.6662675845555224
rrl_quantile_paired,0,Shucked weight,0.16611792876384315,0.832984136486082,0.0,0.6668662077222389
rrl_quantile_paired,0,Viscera weight,0.1655193055971266,0.8332834480694403,0.0,0.6677641424723137
rrl_quantile_paired,0,Shell weight,0.16611792876384315,0.8290930859024245,0.0,0.6629751571385814
rrl_quantile_paired,1,Length,0.1619275665968273,0.832984136486082,0.0,0.6710565698892548
rrl_quantile_paired,1,Diameter,0.15833582759652798,0.8311882669859324,0.0,0.6728524393894044
rrl_quantile_paired,1,Height,0.15085303801257108,0.8111343909009279,0.0,0.6602813528883568
rrl_quantile_paired,1,Whole weight,0.1667165519305597,0.8332834480694403,0.0,0.6665668961388806
rrl_quantile_paired,1,Shucked weight,0.1667165519305597,0.832984136486082,0.0,0.6662675845555224
rrl_quantile_paired,1,Viscera weight,0.1667165519305597,0.832984136486082,0.0,0.6662675845555224
rrl_quantile_paired,1,Shell weight,0.16641724034720143,0.8332834480694403,0.0,0.6668662077222389
rrl_quantile_paired,2,Length,0.16666666666666666,0.8303411131059246,0.0,0.663674446439258
rrl_quantile_paired,2,Diameter,0.16457211250748055,0.8252543387193297,0.0,0.6606822262118492
rrl_quantile_paired,2,Height,0.15200478755236385,0.8177737881508079,0.0,0.665769000598444
rrl_quantile_paired,2,Whole weight,0.1663674446439258,0.8330341113105925,0.0,0.6666666666666666
rrl_quantile_paired,2,Shucked weight,0.16606822262118492,0.8333333333333334,0.0,0.6672651107121484
rrl_quantile_paired,2,Viscera weight,0.1651705565529623,0.8324356672651108,0.0,0.6672651107121484
rrl_quantile_paired,2,Shell weight,0.1663674446439258,0.8330341113105925,0.0,0.6666666666666666
rrl_quantile_paired,3,Length,0.16487133453022143,0.8288450029922202,0.0,0.6639736684619988
rrl_quantile_paired,3,Diameter,0.1615798922800718,0.8249551166965888,0.0,0.663375224416517
rrl_quantile_paired,3,Height,0.15469778575703172,0.8102932375822861,0.0,0.6555954518252544
rrl_quantile_paired,3,Whole weight,0.1663674446439258,0.8330341113105925,0.0,0.6666666666666666
rrl_quantile_paired,3,Shucked weight,0.16666666666666666,0.8333333333333334,0.0,0.6666666666666667
rrl_quantile_paired,3,Viscera weight,0.16666666666666666,0.8333333333333334,0.0,0.6666666666666667
rrl_quantile_paired,3,Shell weight,0.1639736684619988,0.8300418910831837,0.0,0.6660682226211849
rrl_quantile_paired,4,Length,0.16128067025733095,0.8279473369239976,0.0,0.6666666666666666
rrl_quantile_paired,4,Diameter,0.16008378216636746,0.8231597845601436,0.0,0.6630760023937762
rrl_quantile_paired,4,Height,0.14841412327947337,0.8165769000598444,0.0,0.6681627767803711
rrl_quantile_paired,4,Whole weight,0.16666666666666666,0.8330341113105925,0.0,0.6663674446439258
rrl_quantile_paired,4,Shucked weight,0.16666666666666666,0.8330341113105925,0.0,0.6663674446439258
rrl_quantile_paired,4,Viscera weight,0.1663674446439258,0.8324356672651108,0.0,0.6660682226211849
rrl_quantile_paired,4,Shell weight,0.1663674446439258,0.8327348892878516,0.0,0.6663674446439257
rrl_clean_sensitivity,0,Length,0.002997601918465228,0.9259592326139089,0.2,0.9229616306954437
rrl_clean_sensitivity,0,Diameter,0.001498800959232614,0.776378896882494,0.2,0.7748800959232613
rrl_clean_sensitivity,0,Height,0.039568345323741004,0.8764988009592326,0.0,0.8369304556354916
rrl_clean_sensitivity,0,Whole weight,0.4712230215827338,1.0,0.2,0.5287769784172662
rrl_clean_sensitivity,0,Shucked weight,0.24250599520383692,0.9595323741007195,0.0,0.7170263788968825
rrl_clean_sensitivity,0,Viscera weight,0.05845323741007194,0.8968824940047961,0.0,0.8384292565947242
rrl_clean_sensitivity,0,Shell weight,0.36151079136690645,0.685251798561151,0.0,0.3237410071942446
rrl_clean_sensitivity,1,Length,0.5608878224355129,0.8587282543491301,0.0,0.2978404319136172
rrl_clean_sensitivity,1,Diameter,0.6772645470905819,0.8554289142171566,0.0,0.17816436712657469
rrl_clean_sensitivity,1,Height,0.008098380323935212,0.6823635272945411,0.2,0.6742651469706059
rrl_clean_sensitivity,1,Whole weight,0.2486502699460108,0.76874625074985,0.0,0.5200959808038392
rrl_clean_sensitivity,1,Shucked weight,0.24055188962207558,1.0,0.2,0.7594481103779245
rrl_clean_sensitivity,1,Viscera weight,0.4913017396520696,1.0,0.2,0.5086982603479304
rrl_clean_sensitivity,1,Shell weight,0.28044391121775647,0.9139172165566887,0.0,0.6334733053389322
rrl_clean_sensitivity,2,Length,0.027577937649880094,0.7991606714628298,0.0,0.7715827338129496
rrl_clean_sensitivity,2,Diameter,0.10221822541966427,0.6942446043165468,0.0,0.5920263788968825
rrl_clean_sensitivity,2,Height,0.023381294964028777,0.940347721822542,0.0,0.9169664268585133
rrl_clean_sensitivity,2,Whole weight,0.27188249400479614,0.8093525179856115,0.0,0.5374700239808153
rrl_clean_sensitivity,2,Shucked weight,0.05065947242206235,0.6543764988009593,0.0,0.6037170263788969
rrl_clean_sensitivity,2,Viscera weight,0.07973621103117506,1.0,0.2,0.920263788968825
rrl_clean_sensitivity,2,Shell weight,0.09502398081534773,0.8288369304556354,0.0,0.7338129496402878
rrl_clean_sensitivity,3,Length,0.13451168364289995,0.9248052726183343,0.0,0.7902935889754343
rrl_clean_sensitivity,3,Diameter,0.030856800479328938,0.7573397243858598,0.0,0.7264829239065309
rrl_clean_sensitivity,3,Height,0.014379868184541641,0.8663870581186339,0.0,0.8520071899340923
rrl_clean_sensitivity,3,Whole weight,0.059316956261234274,0.6920311563810665,0.0,0.6327142001198323
rrl_clean_sensitivity,3,Shucked weight,0.10035949670461354,0.8732774116237267,0.0,0.7729179149191132
rrl_clean_sensitivity,3,Viscera weight,0.4101258238466147,0.7468544038346315,0.0,0.3367285799880168
rrl_clean_sensitivity,3,Shell weight,0.0683043738765728,0.38885560215698023,0.0,0.32055122828040744
rrl_clean_sensitivity,4,Length,0.19784172661870503,0.6495803357314148,0.0,0.4517386091127098
rrl_clean_sensitivity,4,Diameter,0.09832134292565947,0.7862709832134293,0.0,0.6879496402877698
rrl_clean_sensitivity,4,Height,0.054256594724220626,0.38848920863309355,0.0,0.33423261390887293
rrl_clean_sensitivity,4,Whole weight,0.25449640287769787,0.6459832134292566,0.0,0.3914868105515587
rrl_clean_sensitivity,4,Shucked weight,0.05725419664268585,0.44244604316546765,0.0,0.3851918465227818
rrl_clean_sensitivity,4,Viscera weight,0.35251798561151076,0.9982014388489209,0.2,0.64568345323741
rrl_clean_sensitivity,4,Shell weight,0.05935251798561151,0.7449040767386091,0.0,0.6855515587529977
rrl_optimized,0,Length,0.08650104759054175,0.9054175396587848,0.0,0.818916492068243
rrl_optimized,0,Diameter,0.08201137384016761,0.901227177491769,0.0,0.8192158036516013
rrl_optimized,0,Height,0.07512720742292726,0.90451960490871,0.0,0.8293923974857828
rrl_optimized,0,Whole weight,0.09099072134091589,0.9090092786590841,0.0,0.8180185573181682
rrl_optimized,0,Shucked weight,0.09099072134091589,0.9090092786590841,0.0,0.8180185573181682
rrl_optimized,0,Viscera weight,0.09039209817419934,0.9066147859922179,0.0,0.8162226878180185
rrl_optimized,0,Shell weight,0.09069140975755761,0.9087099670757258,0.0,0.8180185573181682
rrl_optimized,1,Length,0.0,0.9673750374139479,0.1,0.9673750374139479
rrl_optimized,1,Diameter,0.027536665668961388,0.8497455851541454,0.0,0.822208919485184
rrl_optimized,1,Height,0.005686920083807243,0.8970368153247531,0.1,0.8913498952409459
rrl_optimized,1,Whole weight,0.04369949117030829,0.8650104759054176,0.0,0.8213109847351093
rrl_optimized,1,Shucked weight,0.05716851242143071,1.0,0.1,0.9428314875785693
rrl_optimized,1,Viscera weight,0.10266387309188865,0.7282250823106854,0.0,0.6255612092187968
rrl_optimized,1,Shell weight,0.04010775217000898,0.9140975755761748,0.0,0.8739898234061658
rrl_optimized,2,Length,0.08587672052663076,0.9042489527229204,0.0,0.8183722321962896
rrl_optimized,2,Diameter,0.08168761220825853,0.9009575104727708,0.0,0.8192698982645124
rrl_optimized,2,Height,0.07241172950329144,0.9045481747456613,0.0,0.8321364452423698
rrl_optimized,2,Whole weight,0.09096349491322561,0.9087372830640336,0.0,0.8177737881508079
rrl_optimized,2,Shucked weight,0.09096349491322561,0.9081388390185517,0.0,0.8171753441053261
rrl_optimized,2,Viscera weight,0.09036505086774387,0.90754039497307,0.0,0.8171753441053262
rrl_optimized,2,Shell weight,0.09096349491322561,0.9087372830640336,0.0,0.8177737881508079
rrl_optimized,3,Length,0.08497905445840814,0.9054458408138839,0.0,0.8204667863554758
rrl_optimized,3,Diameter,0.0819868342309994,0.9090365050867744,0.0,0.827049670855775
rrl_optimized,3,Height,0.0706163973668462,0.895870736086176,0.0,0.8252543387193297
rrl_optimized,3,Whole weight,0.09096349491322561,0.9090365050867744,0.0,0.8180730101735487
rrl_optimized,3,Shucked weight,0.09096349491322561,0.9081388390185517,0.0,0.8171753441053261
rrl_optimized,3,Viscera weight,0.09096349491322561,0.90754039497307,0.0,0.8165769000598444
rrl_optimized,3,Shell weight,0.09096349491322561,0.9090365050867744,0.0,0.8180730101735487
rrl_optimized,4,Length,0.09096349491322561,0.9018551765409935,0.0,0.8108916816277678
rrl_optimized,4,Diameter,0.07929383602633154,0.9066427289048474,0.0,0.8273488928785159
rrl_optimized,4,Height,0.07301017354877319,0.9024536205864752,0.0,0.829443447037702
rrl_optimized,4,Whole weight,0.09096349491322561,0.9087372830640336,0.0,0.8177737881508079
rrl_optimized,4,Shucked weight,0.09036505086774387,0.9090365050867744,0.0,0.8186714542190305
rrl_optimized,4,Viscera weight,0.09066427289048475,0.9078396169958108,0.0,0.8171753441053261
rrl_optimized,4,Shell weight,0.08946738479952124,0.9069419509275882,0.0,0.817474566128067
