,pearson_r
FractionCSP3,-0.131294
NumSaturatedCarbocycles,-0.117266
MinPartialCharge,-0.114723
HallKierAlpha,-0.108933
PEOE_VSA8,-0.107173
fr_allylic_oxid,-0.100599
NumSaturatedRings,-0.098571
EState_VSA4,-0.0977426
fr_piperdine,-0.0977188
fr_bicyclic,-0.0895518
NumAliphaticCarbocycles,-0.0890472
SMR_VSA9,-0.0857754
NumAliphaticRings,-0.0850779
fr_Imine,-0.0841221
PEOE_VSA5,-0.079458
SMR_VSA6,-0.0793811
SlogP_VSA4,-0.0750763
fr_ether,-0.0741783
SlogP_VSA12,-0.0741779
Chi4v,-0.0683511
EState_VSA9,-0.0683489
fr_dihydropyridine,-0.0669106
Chi4n,-0.0647309
EState_VSA8,-0.0641916
fr_methoxy,-0.063261
MinAbsEStateIndex,-0.0628744
fr_tetrazole,-0.0625361
fr_morpholine,-0.0625361
fr_alkyl_halide,-0.0590582
fr_guanido,-0.0586925
SMR_VSA4,-0.0585588
RingCount,-0.058493
fr_benzodiazepine,-0.0578482
fr_epoxide,-0.0578482
EState_VSA11,-0.0576882
fr_imidazole,-0.0560715
SlogP_VSA11,-0.0552558
NumAromaticHeterocycles,-0.0551653
fr_halogen,-0.0550116
Chi3v,-0.0534249
PEOE_VSA11,-0.0528885
fr_term_acetylene,-0.0527633
PEOE_VSA9,-0.050291
SlogP_VSA8,-0.0501473
fr_Ar_N,-0.0494787
Chi3n,-0.0469359
fr_unbrch_alkane,-0.0469203
fr_quatN,-0.0463435
fr_Ar_NH,-0.0462936
fr_Nhpyrrole,-0.0462936
VSA_EState10,-0.0382778
PEOE_VSA7,-0.0375739
Kappa3,-0.0334951
fr_nitroso,-0.0332862
fr_C_S,-0.0332862
EState_VSA3,-0.0310946
MinEStateIndex,-0.0302322
BalabanJ,-0.0289968
VSA_EState8,-0.0289294
Chi2v,-0.0269441
MolLogP,-0.0266929
fr_sulfide,-0.0254654
EState_VSA2,-0.0254627
fr_thiophene,-0.0254127
SlogP_VSA5,-0.0247308
fr_oxazole,-0.0235171
fr_amidine,-0.0233395
fr_thiazole,-0.0218542
NumAliphaticHeterocycles,-0.0195209
fr_nitro_arom_nonortho,-0.018957
fr_NH0,-0.017868
fr_Al_OH,-0.0177475
Chi2n,-0.0163316
Chi1v,-0.0147501
fr_Al_OH_noTert,-0.0147449
SlogP_VSA2,-0.0143242
fr_ketone,-0.014133
SlogP_VSA7,-0.0132572
fr_phos_acid,-0.0132004
NumSaturatedHeterocycles,-0.0103242
fr_oxime,-0.0101961
fr_nitro,-0.00993406
fr_furan,-0.00735894
Ipc,-0.00714678
HeavyAtomMolWt,-0.006467
MolWt,-0.00643257
ExactMolWt,-0.00629558
fr_lactam,-0.00592133
Chi0v,-0.00468055
PEOE_VSA4,-0.00383356
SMR_VSA2,-0.00347144
Chi1n,-0.00146643
PEOE_VSA13,-0.000394154
fr_aldehyde,0.000324807
fr_phos_ester,0.000504777
fr_sulfone,0.000565123
fr_Ndealkylation1,0.00182987
LabuteASA,0.00546887
PEOE_VSA1,0.00547401
fr_Ar_COO,0.00580399
fr_HOCCN,0.00654202
Chi0n,0.0066391
MolMR,0.00710992
fr_nitro_arom,0.00723414
fr_Ndealkylation2,0.00767294
EState_VSA6,0.00834631
SMR_VSA1,0.00868846
NumValenceElectrons,0.00943395
BertzCT,0.010252
Chi1,0.0123304
fr_phenol_noOrthoHbond,0.0127238
fr_nitrile,0.0134536
HeavyAtomCount,0.0136232
fr_aryl_methyl,0.0141984
Kappa1,0.0148964
SMR_VSA5,0.0151636
fr_pyridine,0.0161269
PEOE_VSA3,0.0168817
Kappa2,0.0192482
Chi0,0.0193505
fr_ester,0.0198934
NumHAcceptors,0.02002
fr_Ar_OH,0.020852
NumHeteroatoms,0.0250515
fr_phenol,0.02595
PEOE_VSA10,0.0270775
EState_VSA5,0.0274725
NumAromaticRings,0.0288976
fr_SH,0.032371
SlogP_VSA3,0.0334552
fr_hdrzone,0.0338485
SMR_VSA3,0.0366808
NumRotatableBonds,0.0387027
SMR_VSA7,0.0419101
NOCount,0.0446583
fr_ketone_Topliss,0.0475683
SMR_VSA10,0.0500543
MaxEStateIndex,0.0501327
MaxAbsEStateIndex,0.0501327
fr_piperzine,0.0521387
PEOE_VSA14,0.0555191
fr_N_O,0.0563995
fr_imide,0.0605589
fr_COO2,0.0613342
EState_VSA7,0.0625531
fr_alkyl_carbamate,0.0642458
MaxPartialCharge,0.0648456
VSA_EState9,0.0648976
fr_sulfonamd,0.0658512
fr_COO,0.0663114
fr_Al_COO,0.067918
TPSA,0.0713142
fr_azo,0.0713459
fr_lactone,0.0727021
SlogP_VSA6,0.0753833
fr_C_O_noCOO,0.0757337
MinAbsPartialCharge,0.0801679
fr_urea,0.0813342
fr_benzene,0.0829284
NumAromaticCarbocycles,0.0829284
EState_VSA10,0.0877751
EState_VSA1,0.087872
PEOE_VSA6,0.0937812
SlogP_VSA1,0.0939145
NumHDonors,0.102105
fr_NH1,0.106698
MaxAbsPartialCharge,0.107585
fr_NH2,0.119017
NHOHCount,0.122139
fr_hdrzine,0.123257
fr_para_hydroxylation,0.127213
fr_C_O,0.128886
PEOE_VSA12,0.133086
PEOE_VSA2,0.136258
fr_amide,0.145187
fr_ArN,0.150547
SlogP_VSA10,0.151926
fr_priamide,0.170943
fr_aniline,0.215703
