candidate,name,seed,rmse,mae,train_rmse,adam_rmse,selected_epoch,seconds,nonconstant,distinct_nonconstant,logical_edges,mean_literals,initial_nonconstant
0,reference,314,2.123990005409546,1.5214189602633668,2.0339043083661927,2.2754489874824726,30,2.781424541004526,121,120,1419,11.0859375,0
0,reference,2718,2.132155349305167,1.5080297997584347,2.057482400753062,2.168661910584929,20,1.6636342920028255,123,119,1148,8.96875,0
1,full_sex,314,2.1369257962888457,1.530990316041767,2.0532687381191224,2.1379231575055924,20,1.6911909999980708,119,114,1068,8.34375,0
1,full_sex,2718,2.141895291415614,1.516752949145674,2.0538659211258583,2.176242306962458,20,1.6697656660035136,125,121,1140,8.90625,0
2,short_1,314,2.121181871464975,1.5186659080009437,2.038350853996821,2.1130486041218615,20,1.716194667002128,117,116,1473,11.5078125,128
2,short_1,2718,2.1183918890229805,1.5044145181434694,2.04339651707752,2.178591873287423,20,1.7863698750006733,117,116,1553,12.1328125,128
3,short_2,314,2.1229281823122523,1.5160308147357104,2.054928980883529,2.127357745676166,20,1.7179086249961983,101,99,1794,14.015625,119
3,short_2,2718,2.11487661323337,1.5167880938591902,2.007516675973949,2.159186091903098,40,2.6390873749987804,117,117,2225,17.3828125,116
4,short_4,314,2.152415480222032,1.5433855785828554,2.0827433480491986,2.1725353087967867,20,1.6977637910022167,96,93,2106,16.453125,77
4,short_4,2718,2.141138453615597,1.5371495302874187,2.070158397564546,2.1734399440375927,20,1.6224570409976877,98,96,2246,17.546875,82
5,full_sex_short_2,314,2.130544182705584,1.5180889722257014,2.056381682456338,2.133698667099842,20,1.6768894999986514,104,103,1756,13.71875,119
5,full_sex_short_2,2718,2.1129095209793207,1.5003255261485484,2.017032196244102,2.1420762092290317,30,2.1372257090042694,115,115,2108,16.46875,116
6,fixed_320,314,2.152429647039578,1.5577721242217013,2.0044873750129213,2.2078893563080753,320,8.152728749999369,122,121,2307,18.0234375,0
6,fixed_320,2718,2.133882061768483,1.5315575022065748,1.983291866177153,2.245021504424483,320,8.104959874995984,123,123,2251,17.5859375,0
7,head_alpha_1,314,2.269640887756906,1.652463431707243,2.3379035204450775,2.2057383303281153,20,1.6088279579998925,118,115,1108,8.65625,0
7,head_alpha_1,2718,2.2717590859886383,1.653684116557157,2.34736909409027,2.1727818852943415,10,1.1546516670059646,121,119,793,6.1953125,0
8,short_2_head_alpha_1,314,2.339028577447883,1.697845662907646,2.4287882272540506,2.1639219162650907,10,1.1526411669983645,83,79,1531,11.9609375,119
8,short_2_head_alpha_1,2718,2.339973482783428,1.7109811092853724,2.431537208114993,2.1168754319493788,10,1.154022917005932,99,97,1503,11.7421875,116
