candidate,inner_fold,seed,rmse
0,0,314,2.1486849278141675
0,0,2718,2.1642478702797208
1,0,314,2.150769652585489
1,0,2718,2.1512104135109604
2,0,314,2.1641155669059993
2,0,2718,2.152263935421817
3,0,314,2.1603906028071007
3,0,2718,2.185831984886548
4,0,314,2.1830572767020757
4,0,2718,2.1752659040172406
5,0,314,2.1509490415043397
5,0,2718,2.170747162222919
6,0,314,2.22708660253864
6,0,2718,2.2126881440249524
7,0,314,2.3590791603854946
7,0,2718,2.34355453875543
8,0,314,2.4279189514555117
8,0,2718,2.416549916279548
0,1,314,2.2442724742927163
0,1,2718,2.2069761793852654
1,1,314,2.2621644218985373
1,1,2718,2.215490500107111
2,1,314,2.236106632432215
2,1,2718,2.2608668032738084
3,1,314,2.2310247551254783
3,1,2718,2.2503448719792827
4,1,314,2.286229212981998
4,1,2718,2.2928612269306097
5,1,314,2.24952906441367
5,1,2718,2.249716162342059
6,1,314,2.3100028144854785
6,1,2718,2.273884301085045
7,1,314,2.3708940044743856
7,1,2718,2.36072988700982
8,1,314,2.42769403977869
8,1,2718,2.4387455575038937
0,2,314,2.2007019229593108
0,2,2718,2.2102547784446283
1,2,314,2.2034910045955605
1,2,2718,2.2307097355109624
2,2,314,2.2343961916486057
2,2,2718,2.209897999866253
3,2,314,2.2324385923616163
3,2,2718,2.2379246440921827
4,2,314,2.262615290039962
4,2,2718,2.2463813561912174
5,2,314,2.2288825172009097
5,2,2718,2.242626436207456
6,2,314,2.3106090183257884
6,2,2718,2.317075975964396
7,2,314,2.4106882583102607
7,2,2718,2.4123182579117812
8,2,314,2.4919458742552356
8,2,2718,2.4509239947030292
