y_true,y_pred,positive_probability
0,1,0.54577297
0,0,0.43809766
0,0,0.4808314
1,1,0.6862798
0,0,0.45896888
0,0,0.45563054
0,0,0.48925743
1,1,0.6310166
0,0,0.4696876
0,1,0.53813165
0,1,0.5661414
0,0,0.40539595
0,0,0.39400682
0,0,0.38068405
0,0,0.35407728
0,0,0.4119386
0,0,0.42753214
1,1,0.5980766
0,0,0.39879254
0,0,0.38717544
1,0,0.35401288
0,0,0.36922774
1,1,0.50932103
0,0,0.48749235
0,0,0.44745275
0,0,0.37397593
1,0,0.4454603
1,1,0.5716778
0,0,0.42055005
0,0,0.38629967
0,0,0.3709641
0,0,0.47284943
0,0,0.4325559
0,0,0.47206724
0,0,0.48423266
0,0,0.41564324
0,0,0.4119386
0,0,0.33500668
1,0,0.45378035
0,0,0.36440825
1,1,0.6372045
1,1,0.51563376
0,1,0.52906257
0,0,0.44100672
1,1,0.6372045
0,0,0.47993228
0,0,0.3276685
1,1,0.5378491
0,0,0.42286804
1,1,0.6372045
0,0,0.37708056
1,0,0.49983802
1,1,0.53274214
1,1,0.53589374
1,0,0.4425279
0,0,0.4134179
0,0,0.45563054
1,1,0.5828331
0,0,0.405156
0,0,0.4569223
0,0,0.44745275
0,0,0.4237332
0,0,0.470485
0,0,0.39325598
0,1,0.55902725
0,0,0.45614365
0,0,0.40876785
0,0,0.4047254
1,0,0.42751864
1,0,0.45027155
1,1,0.5440246
0,0,0.45896888
0,0,0.35448605
0,0,0.43334177
0,0,0.30863002
0,0,0.39258325
0,0,0.48230967
0,0,0.3592485
0,0,0.36570767
0,0,0.44777206
0,0,0.40197092
0,1,0.5320463
0,0,0.44197595
1,0,0.35881
0,0,0.49626058
0,0,0.39643288
0,0,0.42044935
0,1,0.537958
0,0,0.3645514
1,0,0.4242251
0,0,0.35448605
0,0,0.40019345
0,0,0.4151494
0,0,0.44547248
0,0,0.3153561
1,1,0.56440544
0,0,0.43658444
1,0,0.4111634
1,0,0.4462497
0,0,0.471559
0,0,0.4111634
0,1,0.5725596
1,0,0.44745275
0,0,0.4073285
0,0,0.37814492
0,0,0.4111634
0,0,0.44635183
1,0,0.45896888
1,0,0.36878407
0,1,0.5317599
0,0,0.36152017
1,0,0.48072198
0,0,0.4167693
0,0,0.46857837
0,1,0.50513375
0,0,0.38376534
0,0,0.3372198
0,0,0.40315518
0,0,0.47817382
0,0,0.45460725
