outer_fold,config_id,mean_inner_pr_auc,std_inner_pr_auc,config
2,27,0.654972295,0.1119599327,"{""alpha"": 0.999, ""beta"": 8, ""epochs"": 160, ""gamma"": 3, ""learning_rate"": 0.005, ""structure"": ""5@32"", ""temperature"": 1.0, ""threshold"": ""random"", ""use_not"": false, ""weight_decay"": 0.0, ""weighted"": false}"
2,14,0.6505642441,0.1060897278,"{""alpha"": 0.999, ""beta"": 8, ""epochs"": 160, ""gamma"": 3, ""learning_rate"": 0.005, ""structure"": ""5@64"", ""temperature"": 1.0, ""threshold"": ""supervised"", ""use_not"": false, ""weight_decay"": 0.0, ""weighted"": true}"
2,21,0.6497786254,0.1084149442,"{""alpha"": 0.999, ""beta"": 8, ""epochs"": 80, ""gamma"": 3, ""learning_rate"": 0.005, ""structure"": ""3@16"", ""temperature"": 1.0, ""threshold"": ""quantile"", ""use_not"": true, ""weight_decay"": 0.0, ""weighted"": true}"
2,17,0.6308192985,0.06387393258,"{""alpha"": 0.999, ""beta"": 8, ""epochs"": 160, ""gamma"": 3, ""learning_rate"": 0.002, ""structure"": ""5@64"", ""temperature"": 1.0, ""threshold"": ""supervised"", ""use_not"": true, ""weight_decay"": 0.0, ""weighted"": true}"
2,6,0.6100054195,0.1224071695,"{""alpha"": 0.9, ""beta"": 3, ""epochs"": 160, ""gamma"": 3, ""learning_rate"": 0.001, ""structure"": ""5@64"", ""temperature"": 1.0, ""threshold"": ""random"", ""use_not"": true, ""weight_decay"": 0.0001, ""weighted"": true}"
2,29,0.6062303804,0.1055421298,"{""alpha"": 0.999, ""beta"": 8, ""epochs"": 160, ""gamma"": 3, ""learning_rate"": 0.001, ""structure"": ""3@16"", ""temperature"": 0.1, ""threshold"": ""random"", ""use_not"": false, ""weight_decay"": 0.0, ""weighted"": true}"
2,38,0.6012575144,0.09196761326,"{""alpha"": 0.999, ""beta"": 8, ""epochs"": 160, ""gamma"": 1, ""learning_rate"": 0.002, ""structure"": ""5@32"", ""temperature"": 1.0, ""threshold"": ""supervised"", ""use_not"": false, ""weight_decay"": 0.0001, ""weighted"": false}"
2,28,0.5971088075,0.05289880932,"{""alpha"": 0.999, ""beta"": 8, ""epochs"": 160, ""gamma"": 3, ""learning_rate"": 0.005, ""structure"": ""3@16"", ""temperature"": 1.0, ""threshold"": ""supervised"", ""use_not"": true, ""weight_decay"": 0.0, ""weighted"": false}"
2,5,0.5939392422,0.1504873041,"{""alpha"": 0.999, ""beta"": 8, ""epochs"": 160, ""gamma"": 1, ""learning_rate"": 0.001, ""structure"": ""5@32@16"", ""temperature"": 0.1, ""threshold"": ""quantile"", ""use_not"": true, ""weight_decay"": 0.0001, ""weighted"": true}"
2,16,0.5889571691,0.07967890882,"{""alpha"": 0.999, ""beta"": 8, ""epochs"": 160, ""gamma"": 3, ""learning_rate"": 0.001, ""structure"": ""10@32"", ""temperature"": 0.1, ""threshold"": ""supervised"", ""use_not"": false, ""weight_decay"": 0.0, ""weighted"": false}"
2,30,0.5876510213,0.1024785381,"{""alpha"": 0.999, ""beta"": 8, ""epochs"": 80, ""gamma"": 3, ""learning_rate"": 0.005, ""structure"": ""5@16"", ""temperature"": 0.1, ""threshold"": ""supervised"", ""use_not"": false, ""weight_decay"": 0.001, ""weighted"": false}"
2,2,0.5872370792,0.07497941227,"{""alpha"": 0.9, ""beta"": 3, ""epochs"": 160, ""gamma"": 3, ""learning_rate"": 0.002, ""structure"": ""5@32"", ""temperature"": 0.1, ""threshold"": ""supervised"", ""use_not"": false, ""weight_decay"": 0.0001, ""weighted"": false}"
2,35,0.5818509651,0.1429458826,"{""alpha"": 0.999, ""beta"": 8, ""epochs"": 80, ""gamma"": 1, ""learning_rate"": 0.005, ""structure"": ""5@64"", ""temperature"": 0.1, ""threshold"": ""quantile"", ""use_not"": false, ""weight_decay"": 0.0001, ""weighted"": true}"
2,9,0.5815336613,0.09019681017,"{""alpha"": 0.999, ""beta"": 8, ""epochs"": 80, ""gamma"": 1, ""learning_rate"": 0.002, ""structure"": ""5@32"", ""temperature"": 0.1, ""threshold"": ""supervised"", ""use_not"": true, ""weight_decay"": 0.0, ""weighted"": true}"
2,10,0.5772753159,0.05546885396,"{""alpha"": 0.9, ""beta"": 3, ""epochs"": 80, ""gamma"": 3, ""learning_rate"": 0.005, ""structure"": ""5@32"", ""temperature"": 0.1, ""threshold"": ""random"", ""use_not"": true, ""weight_decay"": 0.001, ""weighted"": false}"
2,3,0.5695018697,0.1165458715,"{""alpha"": 0.9, ""beta"": 3, ""epochs"": 160, ""gamma"": 3, ""learning_rate"": 0.001, ""structure"": ""5@64"", ""temperature"": 0.1, ""threshold"": ""supervised"", ""use_not"": false, ""weight_decay"": 0.0001, ""weighted"": true}"
2,0,0.56439959,0.1078141074,"{""alpha"": 0.9, ""beta"": 3, ""epochs"": 100, ""gamma"": 3, ""learning_rate"": 0.002, ""structure"": ""5@16"", ""temperature"": 0.1, ""threshold"": ""random"", ""use_not"": false, ""weight_decay"": 0.001, ""weighted"": false}"
2,20,0.5593296898,0.06268730552,"{""alpha"": 0.9, ""beta"": 3, ""epochs"": 80, ""gamma"": 3, ""learning_rate"": 0.002, ""structure"": ""3@16"", ""temperature"": 1.0, ""threshold"": ""supervised"", ""use_not"": false, ""weight_decay"": 0.0, ""weighted"": true}"
2,19,0.5582790115,0.1140481688,"{""alpha"": 0.999, ""beta"": 8, ""epochs"": 80, ""gamma"": 1, ""learning_rate"": 0.002, ""structure"": ""10@32"", ""temperature"": 0.1, ""threshold"": ""supervised"", ""use_not"": true, ""weight_decay"": 0.001, ""weighted"": false}"
2,32,0.5560290843,0.09604770572,"{""alpha"": 0.999, ""beta"": 8, ""epochs"": 160, ""gamma"": 1, ""learning_rate"": 0.005, ""structure"": ""5@32@16"", ""temperature"": 0.1, ""threshold"": ""random"", ""use_not"": false, ""weight_decay"": 0.001, ""weighted"": true}"
2,25,0.547252704,0.08514996958,"{""alpha"": 0.999, ""beta"": 8, ""epochs"": 160, ""gamma"": 1, ""learning_rate"": 0.0005, ""structure"": ""5@64"", ""temperature"": 1.0, ""threshold"": ""random"", ""use_not"": false, ""weight_decay"": 0.0001, ""weighted"": true}"
2,8,0.5378142041,0.122752888,"{""alpha"": 0.9, ""beta"": 3, ""epochs"": 80, ""gamma"": 3, ""learning_rate"": 0.001, ""structure"": ""5@32"", ""temperature"": 0.1, ""threshold"": ""supervised"", ""use_not"": true, ""weight_decay"": 0.0, ""weighted"": true}"
2,22,0.5355000081,0.07431768165,"{""alpha"": 0.999, ""beta"": 8, ""epochs"": 80, ""gamma"": 3, ""learning_rate"": 0.0005, ""structure"": ""3@16"", ""temperature"": 0.1, ""threshold"": ""random"", ""use_not"": true, ""weight_decay"": 0.0, ""weighted"": true}"
2,18,0.5330811019,0.0894818601,"{""alpha"": 0.9, ""beta"": 3, ""epochs"": 80, ""gamma"": 3, ""learning_rate"": 0.005, ""structure"": ""5@16"", ""temperature"": 1.0, ""threshold"": ""supervised"", ""use_not"": false, ""weight_decay"": 0.001, ""weighted"": true}"
2,33,0.5256120424,0.1112106079,"{""alpha"": 0.9, ""beta"": 3, ""epochs"": 160, ""gamma"": 3, ""learning_rate"": 0.001, ""structure"": ""5@32@16"", ""temperature"": 0.1, ""threshold"": ""quantile"", ""use_not"": false, ""weight_decay"": 0.0, ""weighted"": true}"
2,31,0.5118421303,0.06513835729,"{""alpha"": 0.999, ""beta"": 8, ""epochs"": 160, ""gamma"": 1, ""learning_rate"": 0.005, ""structure"": ""5@32"", ""temperature"": 0.1, ""threshold"": ""quantile"", ""use_not"": false, ""weight_decay"": 0.001, ""weighted"": false}"
2,36,0.5097582722,0.1155244319,"{""alpha"": 0.999, ""beta"": 8, ""epochs"": 80, ""gamma"": 1, ""learning_rate"": 0.0005, ""structure"": ""10@32"", ""temperature"": 1.0, ""threshold"": ""quantile"", ""use_not"": true, ""weight_decay"": 0.0001, ""weighted"": true}"
2,15,0.5032963968,0.05991938383,"{""alpha"": 0.9, ""beta"": 3, ""epochs"": 80, ""gamma"": 3, ""learning_rate"": 0.005, ""structure"": ""5@32@16"", ""temperature"": 1.0, ""threshold"": ""quantile"", ""use_not"": true, ""weight_decay"": 0.001, ""weighted"": true}"
2,1,0.4939009019,0.09227795537,"{""alpha"": 0.9, ""beta"": 3, ""epochs"": 100, ""gamma"": 3, ""learning_rate"": 0.002, ""structure"": ""5@16"", ""temperature"": 0.1, ""threshold"": ""quantile"", ""use_not"": false, ""weight_decay"": 0.001, ""weighted"": false}"
2,23,0.4910836513,0.09424330598,"{""alpha"": 0.9, ""beta"": 3, ""epochs"": 160, ""gamma"": 3, ""learning_rate"": 0.001, ""structure"": ""5@32@16"", ""temperature"": 1.0, ""threshold"": ""supervised"", ""use_not"": true, ""weight_decay"": 0.001, ""weighted"": true}"
2,13,0.4872862578,0.02960624622,"{""alpha"": 0.9, ""beta"": 3, ""epochs"": 160, ""gamma"": 3, ""learning_rate"": 0.002, ""structure"": ""5@32@16"", ""temperature"": 1.0, ""threshold"": ""supervised"", ""use_not"": false, ""weight_decay"": 0.001, ""weighted"": false}"
2,11,0.4842102727,0.08808032544,"{""alpha"": 0.999, ""beta"": 8, ""epochs"": 80, ""gamma"": 1, ""learning_rate"": 0.001, ""structure"": ""3@16"", ""temperature"": 1.0, ""threshold"": ""quantile"", ""use_not"": false, ""weight_decay"": 0.0001, ""weighted"": false}"
2,34,0.4775263769,0.09611763028,"{""alpha"": 0.999, ""beta"": 8, ""epochs"": 80, ""gamma"": 3, ""learning_rate"": 0.0005, ""structure"": ""5@16"", ""temperature"": 0.1, ""threshold"": ""quantile"", ""use_not"": false, ""weight_decay"": 0.0001, ""weighted"": true}"
2,4,0.4544977589,0.04631861657,"{""alpha"": 0.999, ""beta"": 8, ""epochs"": 160, ""gamma"": 3, ""learning_rate"": 0.002, ""structure"": ""10@32"", ""temperature"": 1.0, ""threshold"": ""supervised"", ""use_not"": false, ""weight_decay"": 0.001, ""weighted"": true}"
2,24,0.4102947676,0.01815987606,"{""alpha"": 0.9, ""beta"": 3, ""epochs"": 80, ""gamma"": 3, ""learning_rate"": 0.001, ""structure"": ""5@32"", ""temperature"": 1.0, ""threshold"": ""random"", ""use_not"": false, ""weight_decay"": 0.0, ""weighted"": true}"
2,37,0.3915981023,0.0450449956,"{""alpha"": 0.999, ""beta"": 8, ""epochs"": 160, ""gamma"": 3, ""learning_rate"": 0.002, ""structure"": ""10@32"", ""temperature"": 1.0, ""threshold"": ""quantile"", ""use_not"": false, ""weight_decay"": 0.001, ""weighted"": false}"
2,12,0.301998075,0.05442697071,"{""alpha"": 0.9, ""beta"": 3, ""epochs"": 160, ""gamma"": 3, ""learning_rate"": 0.0005, ""structure"": ""5@32@16"", ""temperature"": 1.0, ""threshold"": ""supervised"", ""use_not"": true, ""weight_decay"": 0.0001, ""weighted"": false}"
2,7,0.248951782,0.003273059748,"{""alpha"": 0.9, ""beta"": 3, ""epochs"": 80, ""gamma"": 3, ""learning_rate"": 0.0005, ""structure"": ""5@64"", ""temperature"": 1.0, ""threshold"": ""quantile"", ""use_not"": false, ""weight_decay"": 0.0001, ""weighted"": false}"
2,26,0.248951782,0.003273059748,"{""alpha"": 0.9, ""beta"": 3, ""epochs"": 80, ""gamma"": 3, ""learning_rate"": 0.0005, ""structure"": ""5@32"", ""temperature"": 1.0, ""threshold"": ""quantile"", ""use_not"": false, ""weight_decay"": 0.001, ""weighted"": false}"
2,39,0.248951782,0.003273059748,"{""alpha"": 0.9, ""beta"": 3, ""epochs"": 80, ""gamma"": 3, ""learning_rate"": 0.0005, ""structure"": ""5@32"", ""temperature"": 1.0, ""threshold"": ""random"", ""use_not"": false, ""weight_decay"": 0.001, ""weighted"": false}"
