index,y_true,y_pred,positive_probability
4,1,0,0.2760161459
6,0,0,0.003850989509
24,0,0,0.3047427833
29,1,0,0.3903814256
35,0,0,0.008214854635
37,0,0,0.04220849648
38,0,0,0.04026918486
41,1,0,0.09617020935
47,0,0,0.03415928409
48,0,0,0.01285520103
50,0,0,0.06136256456
54,0,0,0.001145280432
56,0,0,0.4985183477
64,0,0,0.05615714565
68,1,1,0.9728448987
77,1,1,0.921910584
80,0,1,0.8368387222
82,0,1,0.5776552558
102,1,1,0.746599555
116,0,0,0.03335958347
117,0,0,0.02616448514
118,0,0,0.1197698191
129,0,0,0.2684719265
130,0,0,0.08331876248
131,1,0,0.0420085378
132,0,0,0.0541373156
139,0,0,0.0160162393
156,0,0,0.05733408779
158,0,1,0.5200166106
162,1,0,0.2950101793
166,0,0,0.02805577964
174,0,0,0.007683654316
177,0,1,0.7198748589
178,0,0,0.07360236347
204,0,0,0.02560209297
205,0,0,0.08743142337
208,0,0,0.01387360599
217,0,0,0.0197825972
224,0,0,0.007794160862
235,0,0,0.07718358934
236,1,1,0.6489202976
246,0,0,0.07201042771
248,0,0,0.01204255316
250,0,0,0.009642646648
252,0,0,0.1428891718
267,1,1,0.9829976559
268,1,1,0.7916668653
279,0,0,0.00525914086
282,0,0,0.05788202211
287,1,1,0.7546050549
291,0,0,0.3273128867
296,0,0,0.05449605361
298,1,0,0.004989494104
303,0,0,0.0254284963
305,1,1,0.9252907038
307,0,0,0.07884989679
313,0,0,0.3733924627
317,0,0,0.02987176366
318,0,0,0.009705157951
323,0,0,0.2929242551
325,1,1,0.705275774
327,0,0,0.08289491385
333,0,0,0.1973795146
336,1,0,0.03194040433
338,0,0,0.001494918484
339,0,0,0.06452066451
340,0,0,0.00468538329
341,0,0,0.2852929831
342,0,0,0.00201714877
345,0,0,0.0007227984606
347,0,0,0.1434395909
362,1,1,0.55771631
365,1,0,0.2621873915
367,0,0,0.06220718473
381,0,0,0.001917558373
382,0,0,0.007348010316
385,1,1,0.8120796084
387,0,0,0.02489611134
390,1,1,0.7843872905
391,0,0,0.03854943439
393,0,0,0.04607572034
404,0,0,0.01338872872
411,0,0,0.001419131411
416,0,0,0.009706088342
422,0,1,0.6213262677
429,0,0,0.008108735085
435,0,0,0.002563595539
442,1,1,0.66626966
443,0,0,0.008212769404
447,0,0,0.1330718249
455,0,0,0.1099299192
468,1,1,0.9630995989
470,0,0,0.09981182218
472,0,0,0.1610579044
474,1,0,0.2585629523
479,0,0,0.1112692803
487,1,1,0.961486578
488,1,0,0.4796828926
489,0,0,0.1466642469
492,0,0,0.07074767351
497,1,1,0.9134370685
500,0,0,0.03558266908
505,1,1,0.9008321762
509,0,0,0.00744782947
525,1,0,0.04271544144
528,0,0,0.101458244
534,0,0,0.02075981349
535,0,0,0.0389117524
540,0,0,0.008368838578
545,1,1,0.6412668228
557,0,0,0.01824533381
558,0,1,0.5202662349
562,0,0,0.04929825291
573,0,0,0.006193254143
580,0,0,0.02406283468
583,0,0,0.02569725737
588,0,0,0.1099982709
590,0,0,0.002149294829
593,0,0,0.1073688194
