config_id,mean_inner_pr_auc,std_across_outer_folds,alpha,beta,epochs,gamma,learning_rate,structure,temperature,threshold,use_not,weight_decay,weighted
27,0.6397606248,0.03381558166,0.999,8,160,3,0.005,5@32,1,random,False,0,False
14,0.6368512412,0.02347162176,0.999,8,160,3,0.005,5@64,1,supervised,False,0,True
21,0.6179410375,0.04425262239,0.999,8,80,3,0.005,3@16,1,quantile,True,0,True
17,0.6159633696,0.02552118463,0.999,8,160,3,0.002,5@64,1,supervised,True,0,True
6,0.6098477605,0.02738880112,0.9,3,160,3,0.001,5@64,1,random,True,0.0001,True
29,0.605298018,0.0220822279,0.999,8,160,3,0.001,3@16,0.1,random,False,0,True
28,0.5966889413,0.008339994148,0.999,8,160,3,0.005,3@16,1,supervised,True,0,False
5,0.5938123678,0.02108679205,0.999,8,160,1,0.001,5@32@16,0.1,quantile,True,0.0001,True
25,0.5917087292,0.030417424,0.999,8,160,1,0.0005,5@64,1,random,False,0.0001,True
16,0.5894368559,0.04742041888,0.999,8,160,3,0.001,10@32,0.1,supervised,False,0,False
35,0.5817400779,0.02426183302,0.999,8,80,1,0.005,5@64,0.1,quantile,False,0.0001,True
3,0.5746876312,0.005953760096,0.9,3,160,3,0.001,5@64,0.1,supervised,False,0.0001,True
9,0.5726803748,0.02442170887,0.999,8,80,1,0.002,5@32,0.1,supervised,True,0,True
10,0.5708579526,0.03575665565,0.9,3,80,3,0.005,5@32,0.1,random,True,0.001,False
1,0.5700342706,0.06704115087,0.9,3,100,3,0.002,5@16,0.1,quantile,False,0.001,False
38,0.5694394851,0.02130615311,0.999,8,160,1,0.002,5@32,1,supervised,False,0.0001,False
2,0.5687953959,0.02514275755,0.9,3,160,3,0.002,5@32,0.1,supervised,False,0.0001,False
20,0.5584263045,0.02226160081,0.9,3,80,3,0.002,3@16,1,supervised,False,0,True
0,0.5576243983,0.02304198418,0.9,3,100,3,0.002,5@16,0.1,random,False,0.001,False
19,0.5554007023,0.03056407121,0.999,8,80,1,0.002,10@32,0.1,supervised,True,0.001,False
30,0.5535481656,0.02635298003,0.999,8,80,3,0.005,5@16,0.1,supervised,False,0.001,False
8,0.5516435806,0.03843357132,0.9,3,80,3,0.001,5@32,0.1,supervised,True,0,True
32,0.5454180524,0.01418386446,0.999,8,160,1,0.005,5@32@16,0.1,random,False,0.001,True
11,0.5421833243,0.03663599269,0.999,8,80,1,0.001,3@16,1,quantile,False,0.0001,False
34,0.5402888547,0.06560109598,0.999,8,80,3,0.0005,5@16,0.1,quantile,False,0.0001,True
36,0.5364488132,0.03783260202,0.999,8,80,1,0.0005,10@32,1,quantile,True,0.0001,True
18,0.5297774015,0.02611414635,0.9,3,80,3,0.005,5@16,1,supervised,False,0.001,True
31,0.5274134876,0.01930692941,0.999,8,160,1,0.005,5@32,0.1,quantile,False,0.001,False
22,0.526459937,0.03105302443,0.999,8,80,3,0.0005,3@16,0.1,random,True,0,True
13,0.4999038009,0.013734338,0.9,3,160,3,0.002,5@32@16,1,supervised,False,0.001,False
23,0.4917911367,0.05538530657,0.9,3,160,3,0.001,5@32@16,1,supervised,True,0.001,True
33,0.4910620072,0.03853610904,0.9,3,160,3,0.001,5@32@16,0.1,quantile,False,0,True
4,0.4689094732,0.0170434836,0.999,8,160,3,0.002,10@32,1,supervised,False,0.001,True
15,0.4677185565,0.02971305298,0.9,3,80,3,0.005,5@32@16,1,quantile,True,0.001,True
24,0.4236374122,0.03417528627,0.9,3,80,3,0.001,5@32,1,random,False,0,True
37,0.410208822,0.04846089329,0.999,8,160,3,0.002,10@32,1,quantile,False,0.001,False
12,0.3660239171,0.03893945744,0.9,3,160,3,0.0005,5@32@16,1,supervised,True,0.0001,False
7,0.2492971734,0.002653588785,0.9,3,80,3,0.0005,5@64,1,quantile,False,0.0001,False
26,0.2482167025,0.0009508284527,0.9,3,80,3,0.0005,5@32,1,quantile,False,0.001,False
39,0.2480070589,0.0009377448413,0.9,3,80,3,0.0005,5@32,1,random,False,0.001,False
