parameter,value,mean_inner_pr_auc,std,count
alpha,0.9,0.4765195812,0.1214008708,90
alpha,0.999,0.564436398,0.05993831724,110
beta,3,0.4765195812,0.1214008708,90
beta,8,0.564436398,0.05993831724,110
epochs,80,0.4930151906,0.1208623882,90
epochs,100,0.5638293344,0.04771071171,10
epochs,160,0.5496510559,0.07768148731,100
gamma,1,0.5616245414,0.03326609295,50
gamma,3,0.5126235934,0.1141536852,150
learning_rate,0.0005,0.4133063982,0.1463015819,40
learning_rate,0.001,0.5473400094,0.06666359015,50
learning_rate,0.002,0.5406714906,0.06318648283,55
learning_rate,0.005,0.5697923217,0.05610043839,55
structure,10@32,0.5120809333,0.07430023418,25
structure,3@16,0.5744995938,0.04392902125,30
structure,5@16,0.5502546181,0.04457982857,25
structure,5@32,0.4920452075,0.1357528551,50
structure,5@32@16,0.4936756912,0.07271164699,35
structure,5@64,0.5514422833,0.1283648342,35
temperature,0.1,0.5597890072,0.04125885577,90
temperature,1.0,0.4963068675,0.1261608958,110
threshold,quantile,0.4904896535,0.1217589907,65
threshold,random,0.5318619944,0.1139916312,50
threshold,supervised,0.5470569281,0.06719294147,85
use_not,False,0.5123721065,0.1131693633,130
use_not,True,0.5480913177,0.07378979837,70
weight_decay,0.0,0.571219208,0.06657199271,65
weight_decay,0.0001,0.5270227942,0.1080671512,60
weight_decay,0.001,0.4829886654,0.1066541275,75
weighted,False,0.4923800599,0.1292739836,90
weighted,True,0.5514596426,0.06249939174,110
