index,Sex,Rings,prediction,suspect
6,F,20,13.480525911383001,False
8,M,9,9.786276453169963,False
13,F,10,10.517756809504379,False
18,M,7,8.744014343327086,False
19,M,9,8.676411755686717,False
20,M,11,8.279018568424695,False
38,F,11,10.614928027434386,False
41,F,14,10.659591774555487,False
43,I,5,5.058693007142372,False
47,F,7,9.983314700233004,False
48,I,6,6.485298172336016,False
52,M,10,9.234956874684134,False
54,M,7,8.371544072652616,False
55,F,8,10.650990632022664,False
58,I,4,5.721585906944021,False
59,F,7,10.037923731950514,False
68,F,10,10.15716352269184,False
77,F,10,12.184766584921984,False
80,F,9,10.891680807698775,False
84,M,14,12.63133465255375,False
91,M,12,11.580878407146082,False
101,M,15,11.388775846886153,False
102,M,15,13.047297612738804,False
106,F,11,12.117109823398996,False
107,F,10,10.81405846439816,False
108,F,9,10.532062925884167,False
125,I,5,5.904138319387122,False
128,M,19,15.832904994814289,False
139,M,9,8.584919349593548,False
140,F,10,10.993828448910715,False
144,M,10,10.137969708693571,False
145,F,10,9.738113626821356,False
147,I,9,6.171890336083651,False
152,F,10,14.303322731686476,False
157,M,16,16.698822232438513,False
162,M,12,11.261770782869354,False
187,F,10,12.659675452900636,False
190,M,13,12.168740312061601,False
194,F,10,7.604152374543858,False
198,M,15,10.50882052690672,False
203,F,13,12.406731196006671,False
204,M,8,8.979928083002727,False
208,F,13,12.962912597443296,False
220,F,9,9.276543292432553,False
232,M,22,15.234188784938272,False
233,I,7,6.231190958207691,False
238,I,3,4.323385149647102,False
241,I,5,6.199424139292756,False
244,I,8,7.051326131780384,False
250,I,7,7.216566450455138,False
251,M,13,12.814108259533333,False
254,M,15,12.470874845149417,False
255,M,15,13.062989999765286,False
260,F,11,11.3325225941823,False
261,F,12,10.918616127316758,False
262,M,11,11.496148309773194,False
267,M,8,8.351902834988566,False
268,M,9,12.225794362210076,False
270,F,22,19.835422901453263,False
278,M,20,14.406029419969691,False
279,F,11,11.490523947177312,False
287,F,17,11.135681144772692,False
293,F,19,13.664815338845052,False
294,M,26,14.293101407109239,False
301,F,13,13.015547546857356,False
303,M,6,8.191917976419916,False
309,M,10,10.493505898725285,False
310,F,21,13.216767784298145,False
312,M,19,13.129327948611502,False
315,I,8,8.739235124014732,False
318,F,18,12.898408798412486,False
328,M,8,8.947051301474369,False
335,M,11,11.341314238766284,False
339,F,15,11.563089155332138,False
340,M,14,9.452765770848869,False
342,M,12,10.376410192049233,False
344,F,8,11.28214442285425,False
345,M,13,9.776814444738257,False
354,M,16,12.482672885036994,False
357,F,18,12.833358791851234,False
359,F,16,12.63323095193456,False
360,M,18,12.562542709025356,False
379,F,12,13.373464365172836,False
384,M,10,10.007185350900608,False
390,I,10,7.748598291270959,False
391,M,10,9.464517714469324,False
393,I,9,7.4809041952893285,False
426,F,18,13.057439471562855,False
431,M,20,11.924615034164662,False
438,M,9,8.096906703656543,False
440,I,10,7.567710146137014,False
441,I,8,7.105232320989725,False
442,F,19,12.740423733605574,False
455,M,11,11.316704153047116,False
459,F,11,10.71130355753777,False
468,F,17,17.681627801573498,False
474,F,10,12.32960413065945,False
475,M,17,12.425926140925617,False
477,M,17,14.584777807225965,False
486,M,11,11.026626503965531,False
487,F,15,11.745026238505876,False
490,M,14,10.894794675069356,False
505,M,15,11.221668410961183,False
506,M,12,13.190014723684216,False
511,F,10,9.234807468942439,False
512,F,10,10.55211002804351,False
513,M,6,7.301016935525647,False
518,M,4,7.509544855314036,False
522,I,9,7.271508983921203,False
532,I,12,9.115952968962196,False
535,I,11,9.313006470990524,False
551,I,13,11.540398738361922,False
557,F,12,12.706954886572882,False
568,M,7,7.21085227795005,False
574,I,10,11.11318463086302,False
583,I,13,8.118854390246753,False
585,I,11,8.984563478668761,False
588,M,14,10.301157525601255,False
593,F,19,14.740514849912824,False
602,F,13,8.551377170500166,False
609,M,12,8.347099777131348,False
610,F,12,10.475670282196424,False
633,I,9,9.323258688279408,False
636,M,7,7.818610831702029,False
642,F,19,12.374128132719834,False
646,M,6,7.188712296391092,False
653,M,7,7.50190080816394,False
665,F,10,8.676575945376637,False
667,F,15,10.75584889087746,False
676,M,12,11.679275556640013,False
689,M,11,11.60665821524454,False
703,M,12,9.064436260664525,False
708,M,10,9.421229354276672,False
715,I,7,5.907507063601301,False
717,I,6,5.776631411975197,False
718,I,4,4.802322247355604,False
721,M,13,12.249825771788831,False
724,M,11,9.357142044932798,False
731,M,13,10.413400043593107,False
733,M,13,10.86026952239863,False
750,F,13,11.084807502557764,False
757,F,15,15.198325972175137,False
763,M,14,13.711579780569455,False
766,F,13,12.750346459986718,False
772,M,8,8.480059336027036,False
774,M,10,11.163873671247872,False
781,M,12,10.808015377895062,False
784,I,5,5.344083634212835,False
792,M,9,10.64060596937373,False
795,M,15,12.065779462295817,False
810,M,12,12.816485660728448,False
812,I,6,5.582677052716509,False
813,I,5,5.705667244994702,False
815,I,7,6.6829260698975315,False
818,I,6,6.77908284338574,False
819,I,7,7.259900278515122,False
822,I,7,6.582964325648529,False
828,I,6,7.236952959941109,False
838,F,8,9.382598688749816,False
855,F,9,10.59274030113482,False
876,M,9,11.300754463772815,False
878,F,9,8.746867488658106,False
884,M,10,10.73641359184311,False
892,I,6,5.130777624928854,False
893,I,5,5.662736562305287,False
897,I,6,5.870949056049536,False
904,I,8,6.5181516199158,False
906,I,6,6.438272576785736,False
912,I,7,6.947748221105272,False
915,I,6,7.149906789481124,False
916,I,6,6.724880793195329,False
926,I,7,6.927122426164425,False
930,I,7,7.906807097448275,False
933,I,7,8.691556518232764,False
937,I,7,8.457148860280203,False
943,I,7,8.461891147812297,False
946,F,8,8.777608890862751,False
963,M,9,9.629639450501395,False
966,I,7,8.84428658966786,False
970,F,8,10.130166909191956,False
978,M,8,11.001088558511716,False
980,F,9,8.367293036457209,False
985,M,10,11.530769881939108,False
986,F,8,9.275972672606377,False
987,M,8,9.032399556336946,False
993,M,10,9.861058521199642,False
997,M,8,11.956964035000999,False
1000,F,11,8.476635311651918,False
1010,F,11,11.844717709753365,False
1017,F,11,10.485808282281118,False
1025,M,11,10.691236863239546,False
1029,F,10,10.515221261288817,False
1030,F,10,12.71620324701455,False
1039,F,6,10.187549586623788,False
1041,F,10,12.444329903507448,False
1045,M,10,10.385858889423082,False
1049,M,10,13.078445297822265,False
1054,I,3,5.13135583684088,False
1055,I,4,4.948685993834156,False
1056,I,4,5.170374360327241,False
1058,I,4,5.73972489244544,False
1063,I,5,6.213267943703959,False
1067,I,5,6.7682890068024415,False
1074,I,7,7.537263732091265,False
1076,I,7,7.891212913969418,False
1079,I,7,7.869180006310743,False
1081,I,6,7.241558360036897,False
1083,I,7,8.200833172651624,False
1086,I,8,7.558796155984742,False
1088,I,6,7.525927972851771,False
1091,I,6,7.873139086974673,False
1096,I,7,7.542283901982894,False
1097,I,8,7.623073628600299,False
1099,I,7,8.75145469023397,False
1103,F,7,9.14281748998975,False
1105,F,6,9.23829016851455,False
1106,I,9,8.586351831913571,False
1117,I,8,9.004586451679879,False
1126,M,9,9.116956965404073,False
1136,F,7,9.980775359944642,False
1138,M,9,9.676025956233662,False
1142,M,9,8.492406139721034,False
1145,M,9,8.132253847689563,False
1146,M,9,9.92295057760511,False
1147,M,9,9.504044336437897,False
1155,F,8,9.004011809055296,False
1158,M,9,9.279632916801448,False
1165,F,9,9.768959858611506,False
1168,M,8,10.485007474633848,False
1173,M,10,11.119887686131463,False
1175,M,10,10.57294159844515,False
1183,M,8,10.968857852445579,False
1187,M,10,10.689703118530684,False
1188,F,9,12.049613241892963,False
1190,F,9,9.138341537716167,False
1192,M,9,10.134615235354937,False
1193,M,12,11.724806757073402,False
1205,M,11,11.351150085661715,False
1210,I,6,8.913351696956925,False
1211,I,4,5.940685322546079,False
1213,I,5,5.798706695345148,False
1217,I,5,6.577071717160295,False
1222,I,7,6.508866079527415,False
1224,I,6,6.779726513822948,False
1226,I,6,6.87778692329074,False
1231,I,7,6.851630388630406,False
1238,I,8,7.177800110007247,False
1244,I,7,6.976919636966717,False
1252,I,7,8.49770084377983,False
1255,I,7,8.089182292294996,False
1257,I,8,6.6500671026535425,True
1258,I,8,7.438156286641544,False
1260,I,9,7.862667498815272,False
1263,F,8,9.242819955744356,False
1264,I,8,4.257910589441746,False
1279,I,7,8.970179814741595,False
1293,I,10,9.485001733888671,False
1296,M,9,9.344436727816996,False
1301,I,9,8.496685893380086,False
1302,I,8,7.8804059708529035,False
1315,I,9,9.264980483438913,False
1316,M,9,10.405752255405849,False
1322,F,10,9.244077752629142,False
1323,I,9,7.662821323717615,False
1335,F,9,10.740246157192272,False
1339,F,8,10.522934702706246,False
1345,M,10,10.020712905699485,False
1354,I,10,8.36562258856071,False
1372,F,12,10.732697556474047,False
1374,M,9,11.476062277715043,False
1403,F,10,10.526229252967573,False
1417,M,10,12.293118358467527,False
1419,F,12,6.476100947066227,False
1426,F,9,9.536738752861652,False
1444,I,6,7.171679937760648,False
1449,M,6,8.281576739275117,False
1452,I,9,7.703915051581195,False
1453,I,6,8.088407506415837,False
1454,I,6,9.26496446229055,False
1455,M,8,7.986905357509504,False
1463,M,9,9.479675997690157,False
1467,I,7,8.967125506778196,False
1476,F,9,8.213364629328149,False
1477,M,8,9.163134601342565,False
1482,M,8,10.102921514478712,False
1485,F,8,10.355030602103025,False
1486,F,9,10.602391238086526,False
1512,F,9,9.014163389118206,False
1528,M,13,5.666244998362933,False
1529,M,10,10.071067548436933,False
1537,I,5,6.679988164087655,False
1538,I,6,6.9178889338746306,False
1539,I,7,7.141615499261093,False
1543,I,7,7.02999266512502,False
1549,I,7,7.009580284249965,False
1550,I,8,7.103743850351039,False
1554,I,8,7.506959953628782,False
1568,I,8,8.782249024903228,False
1570,M,7,8.790675580363672,False
1573,I,8,8.247477441513208,False
1588,I,8,9.263959813102248,False
1592,I,9,8.31300792413617,False
1599,I,11,9.400657426947262,False
1603,I,9,8.897918907626643,False
1604,M,10,10.474989865397662,False
1610,I,8,8.915018463082678,False
1611,M,10,10.972813920068681,False
1612,I,9,10.087131169270977,False
1620,I,8,8.927410499965458,False
1626,F,8,10.438826498408499,False
1627,M,9,11.20126858148241,False
1628,I,9,9.582947174704538,False
1636,M,10,13.13215994166,False
1637,F,8,13.280289170582815,False
1639,I,10,9.789797625948903,False
1648,M,10,10.806525491547735,False
1656,F,9,9.82360012467422,False
1661,M,10,9.37567653373438,False
1663,M,8,11.26749628334458,False
1665,F,8,9.710669142462304,False
1673,I,9,9.284398480973605,False
1676,M,10,10.391679977742191,False
1677,M,9,9.834054655618788,False
1678,I,12,10.721068510069873,False
1679,F,12,9.834516880296091,False
1683,F,12,10.223812254212,False
1686,M,12,9.506257441472988,False
1693,I,9,10.045370038300454,False
1694,M,9,11.64869048509571,False
1696,M,11,11.219857937804727,False
1700,M,12,12.16632778463071,False
1709,M,9,13.199086174135692,False
1714,F,10,11.62103044928796,False
1716,F,12,9.562980488849515,False
1717,F,9,10.220592377020662,False
1724,F,11,9.922786467419646,False
1725,M,9,9.776561979417913,False
1726,F,12,11.262272007652706,False
1735,M,11,9.183151810442727,False
1737,F,10,8.05988375062682,False
1748,F,11,10.482761377110164,False
1749,M,11,10.414841864377228,False
1753,M,10,10.643622561632384,False
1756,F,14,10.140983557441508,False
1758,M,11,14.397888134916593,False
1771,I,8,7.343566278414835,False
1773,I,10,7.793791375249685,False
1779,M,9,9.370107969261861,False
1780,M,9,9.527441164803477,False
1784,M,8,9.714253245291026,False
1785,F,8,9.029936446803893,False
1786,I,8,9.105376577059259,False
1789,F,9,8.727306752478912,False
1790,F,10,9.544753041433605,False
1798,M,11,10.331614992353428,False
1801,M,10,9.664582978654805,False
1806,M,11,11.488638432836826,False
1817,F,9,11.191024903368984,False
1819,M,11,11.411231905997871,False
1827,I,6,6.978245981908219,False
1828,I,7,6.846977956067775,False
1829,I,6,7.210909730123746,False
1840,I,8,8.414862939787511,False
1841,I,7,8.013987526444083,False
1845,I,8,8.263216570425497,False
1846,I,7,9.401670171597814,False
1854,I,8,10.01514047865906,False
1857,I,8,8.871346524000607,False
1859,I,10,10.215138591137302,False
1861,M,8,9.031379193776758,False
1866,I,10,8.223929108071045,False
1880,I,10,10.588068775741435,False
1884,M,7,9.281429711127219,False
1885,I,9,10.414293343908035,False
1894,M,11,10.589431007874868,False
1897,M,13,9.229037990199904,False
1901,M,10,10.06494813437279,False
1918,F,11,11.070611872110685,False
1922,M,8,10.812073238750573,False
1925,F,11,9.686295933997277,False
1929,M,10,12.022448730379962,False
1930,M,11,11.318670990531864,False
1934,M,9,9.200282462826248,False
1942,M,9,9.438580056932999,False
1959,F,13,12.362885259908648,False
1961,F,11,13.289652350259288,False
1964,F,10,14.195042608012972,False
1977,F,13,16.039876002256282,False
1980,F,10,9.908199111506324,False
1981,F,12,12.972758967744012,False
1989,I,6,6.089956592386481,False
1994,I,6,6.148159874356505,False
1999,I,6,6.557540339023854,False
2000,I,9,6.744472143493425,False
2001,I,6,6.833177510690444,False
2005,I,7,6.723709719875699,False
2010,I,7,7.731446691263239,False
2014,I,10,9.188540855954232,False
2016,M,9,8.70745112420314,False
2029,M,9,9.461333169987006,False
2037,I,5,5.8424811613119525,False
2043,I,7,7.200297320984166,False
2053,M,7,8.34882560772684,False
2055,I,9,8.050983502445753,False
2060,M,9,9.804682198283905,False
2064,M,8,9.017974459369103,False
2066,F,10,10.571236506518915,False
2073,F,7,10.24012758295524,False
2076,F,10,11.551240068555941,False
2079,F,9,10.379530949636345,False
2082,F,10,10.339648691553275,False
2085,F,10,13.14626801520253,False
2090,M,17,16.61573704847587,False
2094,I,7,7.786518614165464,False
2108,M,27,19.907320447975593,False
2109,M,13,11.723163992923334,False
2110,I,5,6.225406598568543,False
2111,I,9,7.57766538259664,False
2114,I,4,4.368384954075953,False
2128,M,12,13.921645026955634,False
2130,M,9,10.450329256260414,False
2132,F,10,10.241048479275777,False
2133,M,9,9.191985779622101,False
2144,M,9,9.595749494368006,False
2147,M,12,10.662835526466907,False
2158,M,14,12.296852601531352,False
2168,M,6,7.458102893597677,False
2170,M,7,7.011929636772685,False
2175,M,12,13.17015359615658,False
2184,I,6,6.544251074145639,False
2190,M,11,13.259814543471862,False
2192,F,14,11.751100928970047,False
2196,I,11,7.3517840256857,False
2207,M,8,9.328847348450704,False
2209,F,27,17.35671214815141,False
2212,F,13,15.820597300276443,False
2233,M,17,12.91004853632532,False
2234,F,14,12.546010825482227,False
2235,M,13,14.40794315315323,False
2238,I,8,7.468509736926631,False
2239,F,8,9.390956128299552,False
2241,F,11,9.113368336137798,False
2242,F,7,11.102902431845571,False
2248,M,6,8.245572013189367,False
2262,F,17,12.997363563734778,False
2277,F,19,13.87016152727308,False
2281,I,8,9.420040623364136,False
2295,F,10,11.172101058988797,False
2302,M,9,9.976740789240496,False
2312,I,8,6.545736164755898,False
2313,M,16,12.629406285437796,False
2326,M,11,10.205334488315605,False
2332,F,9,10.458725455331086,False
2345,F,17,15.98846442228622,False
2355,M,13,10.904413908023557,False
2358,F,20,14.704995634846263,False
2363,M,18,11.689501812044377,False
2365,F,12,11.92480481183644,False
2366,M,19,11.952828370269126,False
2368,F,16,15.563376776541055,False
2369,I,12,11.294605901998196,False
2370,I,8,7.933682885546091,False
2373,F,12,10.436677980229003,False
2382,I,11,9.652849599576683,False
2396,I,14,11.451509775396929,False
2401,F,12,10.415559758319182,False
2411,I,9,9.505844112250822,False
2412,M,7,7.92624864078512,False
2416,M,18,10.006267605103258,False
2424,M,6,6.754848922353954,False
2432,F,11,12.994874905076724,False
2433,F,16,15.475671477099558,False
2438,F,16,12.499605531153115,False
2441,M,10,11.33432788938069,False
2448,F,7,7.964244191044926,False
2450,F,10,9.325691402411902,False
2457,I,5,5.819534426428527,False
2464,F,11,10.822945653356484,False
2480,F,13,12.27766276881711,False
2485,I,8,7.15136527070602,False
2488,M,14,11.219136687511472,False
2490,M,7,8.97536295334554,False
2491,F,10,13.791687404431013,False
2493,I,8,7.728451489898724,False
2494,M,9,9.498533518048191,False
2501,F,9,8.1749671539131,False
2505,I,6,6.767189025885378,False
2506,I,7,7.302047575149138,False
2510,I,8,7.410044085940893,False
2518,M,8,9.34514099147411,False
2519,I,7,9.37185921845456,False
2521,M,9,9.59901589008088,False
2522,M,11,11.181768803521955,False
2535,F,11,13.122263095666263,False
2552,I,6,6.282317229417515,False
2556,I,6,7.041983649805934,False
2558,I,6,6.940188122720377,False
2564,I,6,8.032116859179375,False
2565,I,8,8.343949002964646,False
2566,F,7,9.260775176381955,False
2570,I,7,7.723435620322373,False
2572,I,7,7.4411271500663485,False
2573,I,8,8.084735494935448,False
2575,M,7,9.220516541032392,False
2577,I,7,9.243731328223063,False
2580,M,8,9.025254464358731,False
2605,F,9,9.218212978498798,False
2606,M,10,9.77736348450466,False
2611,M,8,10.546239041089224,False
2612,F,11,12.733079443267563,False
2616,F,9,9.243359699836788,False
2617,M,9,9.63654337601279,False
2618,F,13,13.27551918653701,False
2626,I,4,5.320377267073278,False
2632,I,8,7.271647126754072,False
2648,M,9,8.927752210409448,False
2650,I,8,9.189666801568947,False
2658,I,8,8.8716008448124,False
2661,M,9,9.957178756817036,False
2664,F,9,10.06799265517748,False
2667,F,7,9.28859246817401,False
2668,F,8,10.73851323846832,False
2672,F,8,9.96609549218037,False
2673,M,9,11.356159462771178,False
2674,M,9,9.404710161728966,False
2694,F,10,11.050147005510253,False
2696,F,9,10.293181312474859,False
2699,M,11,11.300609305758314,False
2706,F,11,9.952597021612707,False
2720,I,7,6.994311957606243,False
2728,I,8,5.967792051145706,False
2734,I,8,8.206378249864464,False
2740,I,8,7.495203059089299,False
2741,I,8,7.348952691672113,False
2761,I,10,8.761552770949415,False
2762,I,9,7.422990678879708,False
2764,I,9,8.761528814913607,False
2770,F,10,9.149427460535618,False
2771,F,9,9.713407388813835,False
2772,M,10,10.696772774979113,False
2774,F,9,10.788788899866178,False
2776,M,10,11.258548508717528,False
2784,M,9,9.999485239697107,False
2790,F,10,8.219397173957434,False
2791,M,10,10.123375391955598,False
2792,M,10,11.327721680521897,False
2797,M,11,11.381890314515902,False
2805,F,11,12.24260927253659,False
2807,M,13,12.089899978479899,False
2812,I,5,5.451450414101135,False
2828,M,9,8.199416397488584,False
2835,M,8,9.913678271110044,False
2836,M,9,9.743129691597456,False
2837,F,8,9.095791019015182,False
2838,M,9,8.539197846220574,False
2839,F,10,10.144114800107532,False
2840,M,9,11.602076990963871,False
2844,M,10,9.11265370700547,False
2847,M,8,8.947420994003933,False
2849,M,10,10.00853968533192,False
2857,M,11,9.112781747036196,False
2862,M,10,8.781903469064282,False
2865,I,4,6.569906559823299,False
2869,I,5,7.182982230367369,False
2871,I,7,7.323577643878666,False
2878,F,8,9.318482785269037,False
2879,I,8,8.867274145776967,False
2883,I,8,8.424521078016298,False
2885,I,8,9.262307708548096,False
2887,I,9,9.55119929597359,False
2888,I,8,9.690121522329356,False
2890,M,8,10.143610404673321,False
2909,F,9,11.087377745257587,False
2910,M,11,10.719087689789013,False
2916,M,10,10.071951195285333,False
2919,F,10,11.42492560683611,False
2921,F,9,10.373312981932282,False
2926,I,11,8.819709256472283,False
2932,M,10,10.955310502477332,False
2933,F,10,10.753897902071149,False
2936,M,11,11.538990677326206,False
2939,F,10,10.886563377227112,False
2941,F,10,11.633734632384396,False
2945,F,11,11.312566429017535,False
2953,F,11,11.309737460199909,False
2955,M,15,12.386904272494192,False
2961,F,10,9.860149171169791,False
2964,M,9,10.002405909217812,False
2971,M,11,9.249088003054915,False
2975,I,6,6.3454784790994605,False
2978,M,8,10.557589202568991,False
2985,I,8,8.133357064825463,False
2988,M,9,8.521312296086691,False
2991,M,8,9.921152929571043,False
2992,I,8,9.41012333579716,False
3002,M,10,12.276204767722861,False
3004,F,11,10.595426989740455,False
3006,M,11,10.349890097028986,False
3007,M,14,8.39819343661123,False
3010,I,6,6.941725829519935,False
3012,I,7,7.654856815364809,False
3013,I,8,7.573932403591549,False
3015,I,6,8.273080948738013,False
3016,I,7,8.261144146716115,False
3019,I,8,8.53292194048366,False
3021,I,9,8.964473713946905,False
3030,I,11,8.356064947346812,False
3037,M,9,10.757253384624534,False
3042,I,8,9.851807751658379,False
3043,M,10,10.940870076248446,False
3044,I,9,8.875907416516872,False
3047,M,9,9.679865675423526,False
3048,I,8,9.523536440534986,False
3059,F,11,12.207004181762787,False
3061,M,10,14.044929168842934,False
3071,F,11,10.152527099336142,False
3073,M,10,13.526061332474448,False
3077,M,10,10.994411823024162,False
3079,F,11,13.709655899014876,False
3090,M,10,9.864253476610722,False
3093,F,11,11.02850189918006,False
3103,M,11,13.421600881766445,False
3124,F,10,10.688019229162979,False
3127,F,9,11.53813083433145,False
3129,F,10,12.92350813484201,False
3132,F,10,9.861097167177242,False
3140,M,20,15.687064066400197,False
3147,F,13,11.84192646537488,False
3156,M,10,13.323587238535175,False
3158,M,9,10.044218045008433,False
3161,F,6,7.048324387317955,False
3172,F,11,11.0315993693208,False
3181,M,11,10.93362992254623,False
3188,M,16,16.45605960358395,False
3189,M,7,9.803980228775423,False
3195,F,18,14.689201685363257,False
3196,I,5,6.6687581295222165,False
3197,I,7,6.713722778387132,False
3198,M,11,9.784733180311116,False
3203,F,17,13.42466585301949,False
3210,M,12,11.472455561367475,False
3213,F,13,10.425931504257761,False
3215,F,11,11.808471365772416,False
3218,F,14,13.482842989199476,False
3225,I,9,8.642087759725907,False
3235,M,14,13.374329178904379,False
3245,F,13,12.835802464001556,False
3250,F,9,9.2845304994052,False
3254,F,7,8.816345689246189,False
3255,I,5,6.430576874681259,False
3257,M,9,8.893061603891294,False
3262,F,14,11.62445381957042,False
3268,M,11,9.082140827088853,False
3275,M,12,8.690148900777103,False
3278,M,12,11.01578191343456,False
3283,F,11,11.952168589709105,False
3288,F,15,10.34573889816565,False
3301,F,11,12.873628225520624,False
3303,F,12,13.209564138832093,False
3308,M,5,7.075182185604856,False
3334,I,8,8.102948899496726,False
3336,F,11,9.583763937448424,False
3358,M,5,7.22416047878848,False
3367,I,17,13.605562631230786,False
3369,I,17,13.35235674081121,False
3370,M,12,9.623947356581592,False
3374,F,10,9.438184869992782,False
3380,I,5,4.973891951610197,False
3394,M,13,12.179235633669284,False
3404,M,8,8.509408121901652,False
3406,I,8,7.146888415294854,False
3408,I,7,7.5014765204142435,False
3415,F,9,12.001456704807534,False
3416,M,7,8.966064039654071,False
3417,M,9,9.84103392313993,False
3430,I,6,6.564907163592937,False
3436,I,6,7.358660864369718,False
3438,I,6,7.396695701479194,False
3454,F,8,10.369302370738517,False
3467,M,10,12.420633702892573,False
3471,F,9,10.008698816810574,False
3477,I,6,7.304495953479756,False
3485,I,7,6.178366152772422,False
3511,M,11,9.905759516649836,False
3522,I,4,5.802399081921977,False
3525,I,6,6.502564252238594,False
3532,I,7,7.396729512769904,False
3535,I,9,7.016931662707689,False
3542,I,8,9.040433235593019,False
3545,I,8,8.479847010218426,False
3568,I,10,9.494672561259984,False
3571,F,9,10.911284659926208,False
3573,F,10,11.02489645699116,False
3575,M,8,10.96662218449566,False
3577,M,11,12.15587891570344,False
3582,F,10,10.299792838997847,False
3584,M,11,12.168693866740862,False
3588,M,12,9.972859506716507,False
3590,F,11,12.070622881956623,False
3597,M,11,12.64616193252607,False
3600,I,4,4.847747976922397,False
3603,I,7,8.263774085961625,False
3606,F,7,8.659822118934802,False
3607,M,8,8.49660899142404,False
3613,F,11,8.972026123129938,False
3615,M,9,8.980587841740084,False
3618,M,11,11.251782056433584,False
3621,F,8,10.143207774161997,False
3629,I,6,6.008306274883368,False
3631,I,5,6.3240712960152115,False
3634,I,6,7.019621182850052,False
3639,I,8,7.714652988843573,False
3641,I,9,9.215353958522261,False
3644,I,7,8.670031352552561,False
3652,F,10,9.436330994688387,False
3656,I,11,8.846887799176182,False
3659,M,9,9.77379568943495,False
3670,M,8,11.130922038592761,False
3671,I,10,9.890682941467755,False
3675,M,10,11.491374955221122,False
3677,M,11,11.986590707965767,False
3679,M,10,10.1511070002794,False
3684,I,11,10.133150699098506,False
3687,I,11,10.048012959793278,False
3690,M,13,12.960112373617976,False
3694,M,10,10.813500384808403,False
3696,M,13,11.452995131125395,False
3698,F,10,11.980345911385673,False
3699,M,11,12.334011447550502,False
3708,F,9,12.559187425974955,False
3710,M,11,13.001285391821238,False
3711,M,11,12.623010563026568,False
3712,F,10,12.95024918322156,False
3718,I,7,6.909607363324408,False
3731,F,9,10.286369606374116,False
3738,F,9,12.03151411783124,False
3747,I,6,7.671531721839793,False
3753,I,8,8.452611191126163,False
3754,I,8,8.548835845507126,False
3760,M,9,10.714035492933313,False
3769,F,9,10.120320683587888,False
3771,I,10,10.00815083724618,False
3777,M,9,10.991338524493445,False
3778,I,9,8.78327452265744,False
3780,M,10,11.68495836965696,False
3789,F,10,11.649287959848774,False
3790,F,10,12.493508473257293,False
3791,F,11,12.036019318194668,False
3792,F,13,12.980780955235828,False
3797,M,13,15.417896674717305,False
3798,F,10,13.883686113732217,False
3799,F,11,13.190467862060327,False
3800,M,12,16.123830706367535,False
3806,I,8,7.3980882716337435,False
3808,M,10,9.535793156098354,False
3814,I,6,8.51268480388859,False
3815,I,8,7.594315380262119,False
3819,M,8,9.56926556254411,False
3826,F,10,13.222184058797374,False
3831,F,10,12.433727968095237,False
3838,I,8,6.796235859153396,False
3850,F,7,8.705191733259785,False
3852,M,12,11.80637738410516,False
3856,I,9,6.938900029732478,False
3866,F,10,10.815487110494084,False
3867,F,15,10.2093470919486,False
3868,F,8,9.733768083546389,False
3871,F,12,9.163443636433065,False
3872,F,9,10.769666954532388,False
3880,I,7,7.509835945824426,False
3883,M,10,11.191681973197024,False
3885,I,7,7.909739661016372,False
3897,F,17,12.241657417963163,False
3910,M,13,10.188313247340115,False
3911,I,10,7.5328334756794275,False
3913,I,11,9.390540971095179,False
3914,I,19,11.144367555735847,False
3919,I,11,10.864424883256385,False
3921,M,10,8.450743740098467,False
3922,I,10,10.806599540628017,False
3927,I,12,9.206139468633015,False
3928,I,10,15.156157308360505,False
3929,F,16,14.036967076595479,False
3939,M,14,11.22827095714671,False
3940,M,11,9.822666741458075,False
3948,F,12,11.100028267979791,False
3952,I,5,6.3912604451830735,False
3960,M,11,12.162029881030046,False
3965,I,6,6.223835839943561,False
3973,I,7,7.445785170226885,False
3974,I,8,7.251709282675007,False
3975,I,6,8.437355831501552,False
3977,I,7,8.292248326489506,False
3985,M,11,11.406706866073614,False
3998,I,6,6.6708494208611,False
3999,I,6,6.958788818161439,False
4001,I,6,6.477517941414383,False
4006,M,9,10.300699646526061,False
4012,F,8,9.69414488612174,False
4013,M,8,11.010839629509112,False
4017,M,11,9.085621188284666,False
4019,M,10,9.31184540751111,False
4030,I,7,7.63282480523496,False
4037,I,10,8.986997121676826,False
4042,F,10,9.599311717729519,False
4045,M,9,10.94285186520945,False
4048,F,13,10.300491136212644,False
4049,M,9,11.863421564562598,False
4051,M,10,11.487151314451394,False
4052,M,13,12.613947420603754,False
4055,F,9,11.286522389768301,False
4059,M,8,8.724560724805944,False
4061,M,10,11.398984364838642,False
4069,I,8,8.010676673314546,False
4075,M,8,10.031816522556323,False
4076,I,8,10.665342512350461,False
4080,I,8,8.965860235755894,False
4084,F,10,10.778519970697477,False
4086,M,8,10.802449810283118,False
4089,M,9,9.11557324940963,False
4094,M,13,10.872108433280319,False
4096,F,12,10.914201159196292,False
4104,F,11,10.719869137243375,False
4109,M,8,9.120593949065965,False
4116,M,9,8.542589487451348,False
4118,M,9,12.340297988830356,False
4146,M,10,11.359967309083169,False
4148,M,11,12.190017055826123,False
4149,I,6,5.985822709737821,False
4156,M,8,9.31420782479893,False
4157,M,8,9.353590513520256,False
4162,M,8,7.9133458785842645,False
4168,F,8,9.5887404805064,False
4169,M,10,9.118753978260603,False
4171,M,8,10.166583414584935,False
