index,Rings,prediction
2,9,11.257480752437736
5,8,7.7855513108716465
9,19,14.176782637417228
11,10,9.517660051228521
15,12,11.961790244044806
27,12,10.79903614555645
29,11,8.913635494114924
36,16,10.497083023965555
37,8,8.508477352414802
40,9,8.618552821429356
44,4,4.957001789885246
50,8,9.287147668932203
53,10,9.32280949128497
64,8,10.279232744163535
66,12,12.885621958743828
69,6,6.213436701884849
71,8,9.009164887297006
76,9,12.217474867789024
82,16,13.169709236489487
97,8,9.581045362787068
98,7,11.018448918445914
109,9,9.681243458700934
113,9,9.796590588171082
119,8,8.523419066091115
121,7,7.227607076618673
122,14,11.591471891332588
132,7,7.6261063265117945
133,7,6.974547798010645
135,8,9.554350453182659
137,9,7.733669670259669
141,10,11.175157201943843
149,4,5.447044316143588
158,13,10.84805356932118
159,13,17.413055659565003
161,13,9.894653210033011
169,12,16.536803554020043
175,7,7.0500684650721235
177,8,6.426217959819706
179,11,12.905387813575361
188,11,10.146139002853875
191,12,12.917983238218005
200,9,9.488363233141202
206,9,8.244611474972437
211,7,7.590045051053208
215,10,13.132044250048743
218,10,11.21616111256696
219,8,9.261423381595908
228,11,14.34366396413812
234,12,8.844414364150156
235,9,6.209986555497833
240,17,11.518265578758434
249,7,7.449434440265018
252,12,9.969397998823515
259,13,10.143189716190488
263,4,5.252995817789434
264,6,7.000118446165455
269,13,10.618951795207176
271,16,14.568682315992719
272,14,16.58564573870583
277,18,17.957007616105393
283,14,12.935100030026868
299,9,8.356429804659804
300,9,8.543553300028716
305,4,4.975939963476961
314,23,15.1544176964461
316,14,12.331830074000212
317,10,9.359862024563089
320,5,5.341848359512811
330,12,11.8733270335746
332,5,5.976517876257033
338,13,10.145889301280658
349,14,9.76451401152699
351,22,12.055257793042468
353,9,9.874567537950766
361,12,12.149788389394676
366,11,9.645012032952133
368,12,10.637505340308586
369,17,13.487658261660691
376,11,10.545950132047498
380,15,14.120515408809528
383,12,10.838344444570934
385,9,8.91061214004338
386,12,9.757413832195478
388,14,10.652986844303237
392,10,10.382413789984257
394,6,7.119994429821192
396,10,10.593889483872825
399,11,11.057263421080911
406,8,9.2142173285609
411,14,10.468454930882958
413,12,11.229887122597184
414,14,12.234854139816544
422,13,10.834165189905178
425,13,12.569683970521648
427,19,13.7500227160169
446,13,16.730129543682413
454,14,10.762649487564588
456,15,12.504699019545921
458,10,7.652003392379365
461,12,11.19169387102416
472,9,7.940722406707863
476,9,9.496626752642618
478,21,15.11040175458635
488,11,9.95945542427341
493,15,13.69898974397034
503,13,13.473515604632507
507,15,14.64549295994406
516,9,8.831868904582048
519,6,7.7949921449932145
529,9,8.480064980885327
547,7,5.224186221413574
553,13,8.722884744691768
559,13,10.819143041457444
563,11,11.343877818157537
564,14,11.094328576279002
565,10,7.327374422704272
579,17,14.982719602185487
589,13,8.85845357478419
590,13,11.52806655385513
596,9,11.71785515782495
597,13,11.860451135954168
600,17,9.647268036748484
601,10,8.30379973251909
616,12,10.502114642351428
618,9,7.138741535741788
619,7,5.400146653764021
620,10,7.425296561551351
628,21,10.6635168331679
648,11,9.158597714972469
652,11,8.98509936726516
654,10,8.292418564892536
655,7,7.048022034545877
657,16,14.061993510993439
670,14,11.685554871457654
672,19,12.851699668116247
674,23,13.389847479835575
677,11,11.493261120692633
686,13,10.260378646084158
687,16,14.58314220888833
688,11,11.688704958794872
700,12,8.208674550204774
701,14,11.286887490829548
702,9,8.768973012029232
710,7,6.701678497673073
711,11,8.483795580167811
713,8,7.822650108185365
719,2,4.505933663799427
720,3,4.556728385929999
722,15,15.35710137745597
723,15,11.89899831870618
725,17,9.975552725373667
728,13,12.205783505205922
743,17,12.4010074964438
744,20,12.750277620747351
745,17,12.237162796858737
746,17,11.955361487040935
752,13,12.786649951593363
758,13,9.408174852710694
762,17,13.1921221875997
764,14,12.602737953812872
778,15,11.846034019383584
779,15,11.5445393547725
783,6,8.16521399929157
788,9,10.70776192364667
789,12,11.462845424196978
791,10,11.592105814927832
793,12,12.039562610947838
794,12,14.598675085720522
796,11,11.093763119836275
805,7,9.036385269945901
806,6,5.704060147002242
820,7,7.8929631596752605
826,6,6.9283045206896965
831,6,7.810187224872022
832,9,8.423098807816963
835,8,8.558077613810472
846,11,9.382683076434855
847,10,9.324347446693231
849,10,12.240026474332465
850,10,11.64699890278236
852,10,9.64946592410319
856,9,11.215231317960777
862,11,11.66009950786382
864,11,10.87136404736115
871,11,10.789683386760617
874,11,12.047155840392534
879,8,9.668585663905311
880,11,10.965686278279168
883,15,13.629666821381354
886,12,11.869205685004133
890,11,11.342969480515887
896,4,5.188590929404284
899,5,6.242685574408962
909,7,6.353397363297523
913,6,7.199243031309163
918,7,7.224048696714958
921,5,8.04798378546911
923,6,7.799496632913805
924,6,7.636117074834669
934,8,8.23623746223625
936,7,8.183474266176956
939,7,7.46149246322941
940,7,8.1532586158751
942,7,7.890426196848814
951,8,8.394467888318447
953,7,9.296875725016946
954,8,8.923485380870249
955,8,7.57648693569809
964,8,9.37706027402
965,8,8.44681827538647
969,8,8.501024727565994
972,8,9.109558257559867
976,7,9.85921299241851
981,9,11.0656801692365
984,10,10.066434698433854
988,7,10.063016335437812
989,9,9.765433459103292
995,9,8.500354300563886
999,11,9.436435096048951
1003,9,9.20560126779933
1013,10,10.831101412976368
1014,9,10.204315895882162
1015,9,12.469058313167864
1023,10,13.163095785474889
1027,8,10.174358390759853
1032,11,13.081821793712864
1036,11,11.64661822626109
1037,9,14.379864104443982
1038,10,14.148780650571315
1044,8,10.641336721481863
1047,12,11.582640044186707
1051,11,12.75738116125547
1052,12,13.1147669865112
1061,6,5.473693122154563
1070,6,6.97372630702299
1078,6,7.148779351697853
1094,6,8.41081714352982
1100,9,9.115187409588659
1101,8,7.387495040909428
1108,8,7.208784318910464
1110,8,8.726598759984451
1122,9,8.445571068791255
1127,8,9.203877320033609
1128,8,9.600899748660428
1137,10,9.314813989154628
1139,9,10.002945548615818
1140,9,9.40732498698953
1148,8,8.270059726835887
1150,9,8.568950182349617
1151,7,9.785964414440977
1157,9,9.777070875245466
1160,9,12.723037822553927
1171,8,9.864882700223186
1174,9,8.68862079717111
1182,11,14.072158028097094
1184,9,10.95883912741914
1185,9,10.837093010918613
1196,11,11.527561505909809
1197,12,11.031964230150482
1199,10,11.610386671199429
1203,12,11.329153460171145
1212,5,5.247304948119034
1220,7,6.766591942554981
1223,6,6.651627685775853
1225,5,6.573169533100854
1232,7,7.233244586606367
1237,6,7.095268538953039
1240,6,7.524776993401298
1242,9,7.204984974408946
1246,7,7.061933627688314
1254,7,7.43613930280129
1256,7,6.966038293148509
1261,9,7.5831612460041455
1266,9,8.125712189466762
1268,11,8.244572885496158
1269,8,8.53655464127878
1271,8,8.129731617970213
1280,8,9.968061095381538
1281,9,8.063986697815862
1283,9,10.142522961266128
1284,9,10.529211132747136
1287,8,8.068731449761817
1290,7,7.250362445337731
1299,9,8.302023661372568
1300,9,8.222547983779936
1310,8,9.181286735168557
1311,11,9.37325148383925
1317,10,11.18316351940938
1318,9,9.622980070464957
1324,11,9.462663032916208
1327,11,8.417380543211584
1338,10,9.087673876536233
1351,12,11.096289494823415
1355,11,9.732544400589399
1357,11,10.580112510267451
1358,11,10.112835915340682
1359,10,11.844070530861881
1367,10,11.908432342716853
1368,10,9.688612739289521
1370,10,11.939604647276566
1371,10,10.823790358708914
1373,10,10.350835351663282
1376,10,11.823618844385653
1377,12,10.613393773200498
1382,9,10.415487504400836
1386,12,11.190330559840183
1387,10,9.451687163550334
1388,12,10.584447867193443
1390,9,10.97147382488604
1393,10,11.684089116604428
1396,11,10.904387467968053
1397,10,10.926521150146991
1411,11,11.525787872140985
1414,9,11.775463254666255
1418,11,11.767163983863924
1420,11,11.381123203123428
1422,12,12.247282608542319
1424,11,13.51197848101683
1427,14,11.97233990191326
1428,14,15.760639526949106
1448,9,7.259687797126753
1451,8,8.012683817205202
1458,7,8.418664188199433
1462,7,7.951453377989865
1464,9,7.491150827236598
1473,8,9.305292279113411
1478,9,8.471119858432123
1487,8,8.642535719135012
1494,10,9.51345126853633
1503,10,10.272005325830222
1504,10,10.575847995526477
1513,8,9.649309482379401
1515,11,10.824040907685168
1519,10,10.365078435798864
1521,12,11.981071920432658
1525,11,14.510644921766321
1530,11,10.594081755480577
1535,6,6.4297595963824925
1540,8,7.080317019385516
1544,6,6.995835052575601
1547,6,7.387502535225076
1548,8,7.124261371861607
1555,8,6.739420198521642
1560,6,7.61749186234185
1564,7,8.20367776521327
1569,8,9.95544472138157
1587,8,8.358383647850971
1590,7,9.432439778450663
1593,8,8.766931305135921
1606,10,10.085503444460409
1615,8,9.816517312555805
1625,10,8.82588903120959
1632,8,11.49284612730781
1642,13,10.178904310442121
1644,10,10.185731093694008
1646,9,9.894668971124842
1647,10,9.116867684169957
1649,10,9.89097372214266
1657,9,10.19852732322073
1666,9,12.312890235900609
1669,10,9.841314745699375
1695,8,11.92351778063486
1697,10,9.521394063962079
1698,11,10.075313966708002
1702,9,11.37957175047082
1708,14,10.55615609820082
1712,9,10.401550372262598
1713,10,11.784219933183454
1715,9,10.1561341509508
1728,14,10.534153885870767
1732,12,11.084888241942464
1733,9,9.925061377535329
1736,13,12.968289884459143
1739,13,10.955444962333843
1742,11,11.66588748411502
1752,11,12.6224924103667
1757,11,12.98982053547812
1759,12,11.236397437964788
1760,11,13.34071151665158
1761,12,12.714822494553225
1763,12,11.08513415537513
1764,5,6.600987281100469
1765,6,7.245629512105278
1766,7,8.20326953968985
1778,8,10.683598493013166
1791,10,10.119054152782324
1793,10,9.637716731519333
1794,10,8.816154392990876
1811,11,10.385489550848515
1815,11,12.870747210580792
1824,5,4.78459046921485
1826,7,6.123752430290187
1832,8,7.2434304638831035
1839,11,7.9064422848615825
1855,9,7.391770409203587
1856,11,10.491302011103244
1865,7,7.458830293060877
1867,9,8.50730989054568
1872,9,9.080638393079296
1877,8,10.119225187139431
1878,10,10.690641414321874
1898,9,9.985252436068775
1902,11,10.421133006081387
1912,10,9.463617505081
1914,10,8.359411996129062
1916,11,11.561870756397845
1917,10,12.536191000506252
1923,10,10.49961608232422
1939,11,10.561254589841035
1940,11,12.33219010865211
1944,11,13.358750752989778
1945,11,10.418919764957703
1948,10,12.239087444641708
1949,11,12.053268983148758
1951,10,13.5977761641404
1952,10,9.903352941609441
1955,12,11.56187507916246
1958,10,10.955774527423726
1962,10,11.781889015389048
1969,12,12.399357132846209
1972,12,12.126652384966366
1974,10,11.468050403547412
1983,11,12.0540910285416
1997,6,6.432562869878623
2013,10,9.379622920082033
2019,9,10.14628223160723
2024,11,10.428816611699835
2025,10,10.87872951901819
2027,9,9.00398925962748
2030,10,9.574677697283457
2033,10,11.352257989791825
2034,14,12.516419384040077
2038,5,5.600719537716806
2039,6,5.583921245265115
2041,8,6.307471259585172
2047,6,7.308713964245376
2048,9,8.042818718670684
2049,8,8.29786362631633
2057,8,8.582035094216527
2063,8,8.85429537447297
2070,11,9.810353265178627
2074,11,13.16566464977425
2075,9,9.562205796509572
2087,11,11.35335043044688
2088,12,13.56723534006644
2095,7,8.597027342537412
2096,11,11.209094939167711
2100,10,7.601314124220176
2103,9,8.047327209214112
2104,11,10.134342779185001
2106,14,13.130544431278548
2112,8,9.307201478642282
2118,8,9.45722506568666
2123,6,6.257605998584143
2124,7,8.222593433470953
2125,8,9.78287304625416
2126,10,10.173158048234953
2131,6,7.297282679260408
2134,8,9.577837072777283
2142,9,8.264554465030706
2143,10,9.298361577801153
2151,18,13.132893923122833
2155,16,14.620925384042227
2160,19,14.246894989253606
2162,11,12.070100320081103
2165,9,11.237133066361864
2174,13,11.78758847575455
2183,6,15.836764297933478
2200,13,13.076505100699393
2201,25,16.297213476431175
2210,18,17.662003824564543
2213,17,16.232931695679696
2216,7,6.740380741082213
2223,14,15.78922712003441
2230,13,11.983347382322355
2240,12,10.52542160386994
2254,14,12.76943924866131
2255,12,12.729265478359974
2263,13,11.239080550502173
2265,13,13.941847448331469
2270,18,9.991874617187277
2271,14,11.680721390893211
2272,15,14.755845837073167
2285,9,7.875360179357552
2287,7,8.410167148422488
2293,6,6.69613596625134
2300,10,10.383741644828957
2301,10,9.426659794852997
2306,12,11.38828850680006
2308,11,10.99363161932135
2315,17,12.149951133895495
2318,12,11.637446898363152
2319,15,10.627423380117797
2323,8,7.960796451642093
2327,13,11.013973788300857
2329,15,11.37538504867767
2331,15,14.230585358809783
2340,11,11.255524219477747
2342,6,5.299634645136228
2347,11,10.450584222115822
2350,12,11.54209054562127
2351,19,11.267226670168355
2357,17,11.155655053603523
2359,13,14.235125265679848
2372,12,9.16361492370591
2374,12,8.346189411736711
2378,12,7.915249536703156
2379,10,7.768343514507098
2383,16,11.209145541511694
2385,12,9.61526439921923
2390,16,10.10162322583467
2399,17,11.003503924157418
2407,12,12.421421140685945
2408,15,11.671481479917144
2415,10,9.440364239881884
2420,13,7.583178617871509
2423,10,8.831927320176478
2436,23,13.50130337002763
2443,11,10.433359181091166
2452,9,9.212544078703887
2453,8,5.722897295696398
2455,6,5.1782523570482315
2462,8,9.178707507469676
2466,9,9.33606253932085
2468,8,7.719487708608187
2472,14,11.424308476765727
2473,14,10.869314198754752
2476,18,11.780520364117859
2478,8,9.970106219182558
2481,8,8.476206957344779
2487,11,10.637673804437904
2500,12,12.558333317714142
2509,6,7.140496044845805
2513,8,10.59372086537099
2523,9,9.297213798930729
2525,9,9.995278362555963
2526,9,10.426800400626638
2530,9,9.63337125920604
2534,12,12.908659104295424
2540,13,12.84781757470823
2542,14,14.408367981250114
2543,10,11.097620865489894
2549,5,5.631919757160263
2554,7,6.7396322985003385
2560,7,7.872158707220233
2563,7,7.841934921974435
2569,6,7.94334434661917
2588,8,9.330164823256874
2591,8,9.06570555056069
2597,8,9.513817363865627
2600,10,10.808281516764675
2602,8,10.015389221370937
2604,10,10.838563035327732
2620,10,11.38493358821179
2622,13,13.443161425563115
2629,6,6.312887752163602
2630,6,7.093795525785301
2631,6,7.364817222699283
2638,7,8.297783329394811
2657,9,9.162805264584604
2669,8,9.451329867547829
2675,10,11.428272886850836
2677,9,8.52948816795505
2682,10,9.831064552343625
2688,8,8.109479268580799
2689,9,11.598598726593805
2692,9,10.880613948396668
2697,10,10.210714752799403
2698,9,10.482988763712203
2700,13,9.530000559972711
2707,9,10.779714762296852
2708,11,11.552202290652062
2714,5,5.432846907971833
2717,6,6.764164857826985
2722,7,7.056724466038038
2724,8,6.679039324216759
2730,6,6.774095131991343
2735,8,7.472874534587763
2755,10,9.741020894250646
2759,8,11.788575089557705
2760,10,9.987306288544698
2765,11,10.538976492670644
2768,11,9.82014871919262
2773,11,9.453097804027413
2777,9,10.030645534001675
2779,9,9.166772020570674
2780,10,10.00115855615476
2795,12,9.74907574389523
2801,10,8.005189183098146
2810,10,9.443029839344785
2823,7,7.536417379096743
2824,7,7.4144660748103455
2833,9,9.032565411044626
2842,9,9.738078603504649
2843,10,9.801251317511037
2853,8,10.44479698212998
2858,11,11.735048665056784
2861,12,12.647449195666038
2864,6,6.153994189832212
2866,5,6.243446058798147
2872,8,7.077836357348039
2886,8,9.036049031165843
2889,8,7.275482993565052
2895,10,8.772923518522221
2896,8,8.737397855898863
2911,11,8.795270700066046
2917,10,9.182976087787573
2931,9,9.967931292786725
2944,7,11.803081143119293
2947,10,11.554496982420353
2948,8,11.25754874342557
2951,11,13.57299200290844
2970,13,8.960150345869787
2981,8,7.449105716078596
2990,9,9.780567931830413
2994,9,12.814574023268966
2996,10,10.574953443639926
3003,10,9.87235392276365
3014,6,6.793138440779625
3020,8,9.10082905126093
3034,10,14.017600875314576
3039,10,10.370229281172193
3045,10,9.344378523130375
3053,11,11.401630974930825
3069,11,11.662855369560784
3070,9,10.040142958048872
3076,11,15.332309208757337
3080,13,14.05066002050063
3082,11,10.726188484647196
3084,5,5.057526090945784
3087,7,7.345881426397421
3094,9,9.885169219955317
3099,9,9.057425764313784
3101,11,9.584521028617681
3119,10,9.83054111281797
3135,9,10.84003355739546
3136,11,11.884240565173016
3138,10,11.756775293993403
3141,5,5.192695623694904
3144,9,10.8447215753024
3149,24,16.636279070044985
3154,7,9.659787624549887
3159,6,6.742382278293594
3162,15,12.743606814804613
3167,15,10.197324209156273
3169,10,13.136659459952327
3170,14,11.626995337040285
3171,13,12.375469217748197
3173,6,7.823450009602307
3175,11,10.253495851154492
3182,10,16.439069856218886
3184,13,14.161084857595103
3201,6,8.231559935140094
3202,17,15.889145064806321
3206,8,6.104394704997931
3209,14,9.216612474745434
3212,14,12.460839663662753
3232,13,12.711519001221117
3234,13,14.268135581674123
3249,6,7.429620449969573
3260,13,11.66098291204084
3266,11,10.138523947104247
3267,10,8.569191659849997
3269,12,12.384235961282407
3285,13,11.701472917451643
3293,13,10.363646093760742
3294,14,11.44519874652299
3296,14,12.795300098047232
3307,9,9.64735623902196
3311,12,10.44377983952836
3312,17,12.03974887203087
3313,11,8.743471053761155
3321,11,10.233825326965567
3327,16,12.754521079218513
3335,12,10.028430569824495
3339,12,11.913028113989421
3340,17,10.208274238229777
3349,10,8.861150137604778
3352,15,10.054550146413348
3353,8,9.687764149744952
3363,10,10.17251001806512
3365,11,8.2367420362358
3375,10,9.780957552497219
3377,5,5.33140699746662
3382,15,11.29340995071076
3383,14,10.05031639643255
3384,7,6.983716427575361
3387,18,12.94224946478014
3389,16,12.725709837915574
3391,13,13.01219491232914
3401,18,13.530039965993307
3403,9,7.569955941431547
3405,7,6.387887266231104
3409,7,7.20690690634293
3411,7,7.286879041688682
3424,10,12.007508017415061
3427,13,11.489482085447813
3431,5,6.927323732340888
3433,6,7.265540615981349
3439,8,8.191949777532324
3446,8,7.548302341403286
3461,11,11.167473125441179
3473,4,4.981339286441818
3478,7,7.546472011946494
3480,8,7.580149140916458
3481,6,7.133729686261542
3489,8,9.758796432142013
3495,8,8.55297441607318
3503,11,12.437338866986492
3509,10,10.365579221709073
3515,12,11.552104453165244
3517,11,10.050090499863519
3518,11,9.408040314413997
3521,3,4.991867180799251
3527,7,6.726124901110719
3529,6,6.491352782593925
3536,8,7.863855910976948
3537,6,7.755029518173767
3549,9,9.158705076056728
3559,10,10.359437075252053
3562,8,8.959287354374084
3563,8,10.86588621453214
3565,9,10.591370540570136
3569,11,9.043782175630307
3574,9,11.030241456216018
3576,11,13.753486267001838
3585,9,9.2938574901776
3593,8,12.126002893896779
3599,12,11.827046084461188
3601,8,7.028079340393398
3627,10,10.135280166846194
3633,5,5.699269704282121
3643,8,8.199586626832566
3645,9,8.215917579024797
3655,9,9.477120655319926
3658,10,10.647999587336397
3660,10,9.6454500788314
3662,8,9.62749974742453
3667,11,11.46023213944622
3672,10,9.06924868660498
3681,11,10.400803389702936
3682,11,9.585877384411743
3688,11,11.160361346003615
3689,9,12.120617423510213
3691,12,12.858524719737535
3702,11,11.359587227377132
3704,11,12.12845146184595
3714,11,10.772120679811696
3715,11,12.779526968481823
3723,9,8.871652173253315
3725,9,9.18841310871034
3728,10,9.672285926086001
3732,10,10.19621976569676
3737,9,9.408690514887375
3739,9,9.882838859873287
3743,12,13.292529628672945
3745,5,5.726471285511438
3750,8,8.750374037122596
3751,7,7.8093375139234995
3756,9,9.143046462118186
3757,10,9.008828208277185
3758,9,9.685065370258231
3765,9,10.953534053427727
3767,10,11.615628296857496
3770,9,9.414097693814234
3773,9,12.254267935082744
3783,12,10.21029900863318
3785,9,11.022966707803807
3793,14,12.297169683317225
3805,9,8.702894371380394
3809,8,10.704563709165681
3810,8,8.57113063420362
3811,9,9.302304912571298
3813,8,6.958556126133773
3824,7,9.515439663326557
3828,11,9.934120102170994
3829,12,13.416557893746628
3833,11,10.426747540067558
3839,8,9.254577800769725
3845,11,9.39009185420173
3855,8,9.578024086523687
3860,14,10.87108884245043
3862,10,10.215027110575681
3863,18,13.426957254215687
3875,9,7.388754143701194
3887,9,10.270940899653006
3889,12,14.680986231191731
3892,13,13.114594493934051
3895,13,13.199305076213374
3903,16,12.96181311091015
3905,6,8.0038967485689
3915,11,10.274481644104197
3916,10,11.310886364868425
3920,8,7.211122281691731
3932,11,10.732983823151423
3934,5,5.458278958094751
3935,11,12.744033573819742
3945,6,5.189974869915298
3946,13,13.048424938079322
3955,9,8.63133712786563
3962,10,12.12355919526469
3967,6,6.222010856119525
3970,6,7.1966378358596
3978,8,9.66424316829513
3989,11,12.827446400702447
3991,9,10.512195763634882
4008,12,9.947607012558016
4018,8,9.227767122452645
4025,7,6.536941255227991
4027,6,6.923753219948168
4029,7,7.824990275362918
4031,8,6.640939844523234
4046,11,11.537104301918413
4053,10,11.536730343859922
4054,10,10.963924771066118
4057,11,12.45193964016756
4063,11,11.233897258089687
4068,7,7.72209877807365
4074,8,9.388795978347925
4085,11,9.833838482526954
4087,10,9.622642343541756
4088,9,10.533227905262375
4090,11,11.787030269596535
4091,12,10.470494458171002
4095,11,11.253937222366927
4100,9,9.903548420565992
4110,9,11.746225923375878
4113,8,8.32777246933884
4117,9,10.144014559038075
4129,10,9.558532033008714
4130,10,10.65421167918027
4137,11,10.438501840210629
4141,11,12.417967349026679
4142,13,10.514245241356345
4163,7,6.822002236784199
4170,10,11.437563785985985
