network,head,kind,rmse,train_rmse,seed_std
10,14,hinge_rules,2.076604993956069,1.8958005850496407,0.004792391048484697
9,14,hinge_rules,2.07948001793119,1.9416996227275294,0.0014770553303866186
0,18,hinge_only,2.0881785019849266,2.1055009417699138,0.0
10,18,hinge_only,2.092150945015818,2.094178062454524,0.0
9,18,hinge_only,2.092150945015818,2.094178062454524,0.0
0,17,hinge_only,2.098047295441447,2.0765928420228863,0.0
0,14,hinge_rules,2.1010535321707087,2.048328423897031,0.007539754569768672
10,17,hinge_only,2.105281007799844,2.0681256854777494,0.0
9,17,hinge_only,2.105281007799844,2.0681256854777494,0.0
0,16,hinge_only,2.1085449019287843,2.0672171066461433,0.0
9,10,linear_rules,2.1103970388140905,1.9644023252186407,0.002880748921007087
10,10,linear_rules,2.111389887846146,1.9129381743899565,0.003497051281410666
10,19,hinge_only,2.111399022208634,2.164379224204221,0.0
9,19,hinge_only,2.111399022208634,2.164379224204221,0.0
14,10,linear_rules,2.1130974962823412,1.9590596251693688,0.021791671345279286
24,9,linear_rules,2.120160460362467,2.0425471003600455,0.001280432427641134
11,10,linear_rules,2.1209164832432243,1.909919520080913,0.011565363775376236
24,8,linear_rules,2.1216883790193837,1.982686193950041,0.0017926025427765597
0,13,hinge_rules,2.121915540723977,1.9619573389057843,0.008072521893281273
10,16,hinge_only,2.122437200663926,2.048223813859087,0.0
9,16,hinge_only,2.122437200663926,2.048223813859087,0.0
27,8,linear_rules,2.12639711131062,2.046637946003127,0.015641092925783903
27,7,linear_rules,2.127796453155218,2.044656810060493,0.014527941973120424
27,6,linear_rules,2.128169500387786,2.044626389618106,0.014329753824187504
24,7,linear_rules,2.1322511253599172,1.9780964483421886,0.0003672836474377865
24,6,linear_rules,2.134102552852127,1.9779820938196484,0.0001839404372092978
0,19,hinge_only,2.1341674802499795,2.1896393448546503,0.0
27,9,linear_rules,2.1365463065355783,2.0742812043862013,0.007698682486306141
15,10,linear_rules,2.139735133248405,2.051291540621193,0.0012365454483871015
17,10,linear_rules,2.1398219861718877,2.0414959397977968,0.0009418255463256688
15,9,linear_rules,2.1400921949499274,1.8539212591780025,0.007750211241729293
17,9,linear_rules,2.1407575848035796,1.883465911249512,0.012136023233782961
0,12,hinge_rules,2.1422773008695444,1.940864713014883,0.009461648695382782
8,10,linear_rules,2.1432406995567366,2.038535915403484,0.007371089958967675
20,10,linear_rules,2.145907904021009,2.0262845572572985,0.0008425367206612635
4,10,linear_rules,2.1460418605491705,2.0704784908845872,0.0006594082335768654
26,10,linear_rules,2.1465374089912084,2.0501134736278797,0.00303003350084579
0,10,linear_rules,2.1470551523983086,2.0813662238338555,0.007601004793764154
0,11,hinge_rules,2.147359270934448,1.932185275457669,0.003701473088041994
16,10,linear_rules,2.1486935098908275,2.0323701500454465,0.0011178705187248879
2,10,linear_rules,2.150403917116112,2.082949665476755,0.011133712586218628
21,10,linear_rules,2.1516632682659784,2.028316011880562,0.005436593310116669
0,9,linear_rules,2.151894564312726,1.9896651496437627,0.005542969320293601
9,5,rules,2.1518960592789593,2.0020565622555475,0.006139025887865849
2,9,linear_rules,2.1524923985402564,1.9793480989905694,0.009706024812191355
25,10,linear_rules,2.1526096325910844,2.0518819386737506,0.01288300994545385
22,10,linear_rules,2.152616570695878,2.0358521334322877,0.007977689771621867
10,5,rules,2.153169558894688,1.9411683485670759,0.0074336011806513435
6,10,linear_rules,2.153457784652521,2.0824041503282356,0.00648677700523018
9,13,hinge_rules,2.1535901813682137,1.7259774128882581,0.00884990849195154
3,10,linear_rules,2.1538985506540214,2.0708218586725433,0.005279480215204037
18,10,linear_rules,2.154404554604488,2.0400416496373213,0.013685857994636372
13,10,linear_rules,2.1561086319566556,2.031297969273685,0.0043647970963065705
23,10,linear_rules,2.15612901707477,2.0844498856835036,0.013294289175152138
19,10,linear_rules,2.1582815466405396,2.04376097467026,0.011459731004575494
0,8,linear_rules,2.1616177060548614,1.9684209407467228,0.010770981176814342
14,5,rules,2.162012922960753,2.0041818642888316,0.02445364278602982
6,9,linear_rules,2.1622031679162754,1.9597540279020769,0.009685662066330232
5,10,linear_rules,2.1627378798200185,2.0671466563533505,0.022611773103881225
1,10,linear_rules,2.1630947703749666,2.0746796311230273,0.00046057688937192867
4,9,linear_rules,2.164915911767787,1.9561739635235065,0.005099905830252402
25,9,linear_rules,2.1650635489759633,1.930248820996269,0.0354766047778322
27,10,linear_rules,2.165322821663301,2.1599108079806637,0.00839096153185178
2,8,linear_rules,2.165725227407821,1.9563801842189843,0.020282914331953908
0,7,linear_rules,2.165948150649999,1.967154589731797,0.010329699865688408
11,5,rules,2.1659893100884955,1.941046591999069,0.016073243589169162
0,6,linear_rules,2.16663595628142,1.9671303664066846,0.010093718631935289
7,10,linear_rules,2.166915163857099,2.0656801679838788,0.0009812338784603747
22,9,linear_rules,2.166975078332256,1.8714210806248797,0.004861134373418246
8,9,linear_rules,2.167372667164834,1.8727640384911517,0.005352238644394365
3,9,linear_rules,2.1696711679720933,1.9629633378568454,0.0039296438308660505
20,9,linear_rules,2.1698392483223836,1.8666897612808666,0.015977847641605737
2,7,linear_rules,2.1702946028463033,1.9550914655378018,0.022856545205336285
2,6,linear_rules,2.1709488981613934,1.955061621695245,0.023089004763065052
9,9,linear_rules,2.1712958722044307,1.741236196977753,0.00015403006541772255
23,9,linear_rules,2.171360370954165,1.946355856436961,0.018630252566591475
18,9,linear_rules,2.1731192868792526,1.859449653808221,0.01344205565078536
17,8,linear_rules,2.1731862145536134,1.8471586102848698,0.022708486451964757
1,9,linear_rules,2.174232496138556,1.9737140371328132,0.022485345479700297
7,9,linear_rules,2.175002311207993,1.9336617724252085,0.009960454335282407
13,9,linear_rules,2.177462797896818,1.8349327061519765,0.0007824532276640647
5,9,linear_rules,2.1798742442296266,1.938605872061401,0.038707313542100864
6,8,linear_rules,2.1811500683252336,1.934892473972313,0.00592795514896982
4,8,linear_rules,2.181524383453505,1.9292359796714913,0.007705763188629932
16,9,linear_rules,2.1833107284321596,1.880326926766235,0.0076063321574623265
3,8,linear_rules,2.183404073550978,1.939814676918064,0.0031590830599791436
19,9,linear_rules,2.1839937299402123,1.8621552099487353,0.005537766883318103
1,8,linear_rules,2.1846914596814333,1.9489997960131786,0.02763081547601055
4,7,linear_rules,2.1863704552000383,1.927649225714054,0.0067640154159898085
17,7,linear_rules,2.1865363648627683,1.8440458261629975,0.02133127614639968
10,13,hinge_rules,2.186612508799176,1.5622829518305985,0.06804273714366263
4,6,linear_rules,2.1870329996425655,1.9276259075690938,0.006624333436295931
1,7,linear_rules,2.1872896305604574,1.946549420813331,0.030084362731503753
26,9,linear_rules,2.187506283324117,1.9147006862495897,0.0146950780817623
1,6,linear_rules,2.1877027777101365,1.9464023859640713,0.030651441026161658
3,7,linear_rules,2.187775212654886,1.9385997670204336,0.003970459174023395
6,7,linear_rules,2.1879440369659795,1.9336062208659275,0.006176462842248328
3,6,linear_rules,2.188373246827748,1.938582554614602,0.004111089878044013
17,6,linear_rules,2.188766567364534,1.8439173781292868,0.020637138693672317
25,8,linear_rules,2.1896425409230176,1.8998137164977662,0.07316448745116369
6,6,linear_rules,2.1897268003191073,1.9335783641588913,0.007505108105297535
26,5,rules,2.1909300095252524,2.099686336392028,0.0009944878361153491
14,9,linear_rules,2.191361856661726,1.692922061340283,0.020754333821636002
4,5,rules,2.1925747218550073,2.1245202752979075,0.0018099654787283959
21,9,linear_rules,2.1947782914010006,1.8356072462644966,0.005383356689529552
15,8,linear_rules,2.196616056383907,1.7947033626587148,0.020500765560831247
0,5,rules,2.1981354460382763,2.1298369095835588,0.017037164404507806
17,5,rules,2.1987733315793294,2.0944922470555722,0.016988093059510215
25,7,linear_rules,2.1994792106565724,1.8972659373306118,0.08241701295728637
16,5,rules,2.1995659890306083,2.0821703094569566,0.002828947102025587
8,5,rules,2.199947791561502,2.089610841918465,0.008153300810207216
22,5,rules,2.199947791561502,2.089610841918465,0.008153300810207216
20,5,rules,2.199955879797545,2.0788394895776863,0.005676272910988336
1,5,rules,2.2005579948677347,2.120749290306342,0.003284965390402921
25,6,linear_rules,2.2007181896108197,1.8971940728516015,0.08302722195674339
7,8,linear_rules,2.201184386993609,1.9084662225161912,0.006385336521402109
5,8,linear_rules,2.2015352087345237,1.9135065657747496,0.038981752674570457
2,5,rules,2.202945737729431,2.135646157035448,0.014312713037750146
9,4,rules,2.203491909100446,1.7545787941683941,0.0005855131906249909
10,9,linear_rules,2.2053304638395685,1.573681110891159,0.06580531310661697
20,8,linear_rules,2.205783788134369,1.8322519549728509,0.013739365856805725
15,5,rules,2.2060167390762655,2.127448892506322,0.004843857437838233
5,7,linear_rules,2.2065507031694787,1.9122860488745483,0.03906038553449486
7,7,linear_rules,2.207111217629077,1.9073205359848922,0.0038699141947852148
5,6,linear_rules,2.2071752859480633,1.9122690120765733,0.03907323096399529
7,6,linear_rules,2.207815895413859,1.907304920487549,0.003558222006794418
25,5,rules,2.2097590376052416,2.0997019816677076,0.008046432727051741
6,5,rules,2.2120302602115904,2.148433888445892,0.0010905764341846596
3,5,rules,2.2134857647321375,2.1308670225392685,0.010694215901881644
21,5,rules,2.2137471044372745,2.088725658328255,0.006448710657683049
10,15,hinge_rules,2.214834835985283,2.2309536264643346,0.0008870301977386162
24,10,linear_rules,2.215109397396766,2.240222234443551,0.006976839377065234
16,8,linear_rules,2.21577851033081,1.847694737092477,0.006373309314471062
20,7,linear_rules,2.217127154339641,1.8294355754989016,0.013466029059597168
13,5,rules,2.2178686883285788,2.095149279676148,0.009729636505073785
15,7,linear_rules,2.2180294124667688,1.7890899809003686,0.027578512137915807
9,15,hinge_rules,2.2182854748014424,2.2418520093272765,0.004348392855173359
20,6,linear_rules,2.2186610936766256,1.8293091404408321,0.013535739507684164
5,5,rules,2.2197651643054366,2.1277303335641022,0.020074958973387513
19,5,rules,2.2206413159424887,2.113638455548474,0.027196985126511558
23,8,linear_rules,2.2208579817092646,1.903244311166677,0.0533427315337009
15,6,linear_rules,2.2211158374927304,1.7889573840742332,0.02880889205717235
8,8,linear_rules,2.221733034592918,1.8316326178691218,0.022400006649354546
11,9,linear_rules,2.2221741415685328,1.606078077062311,0.01404572022140538
17,4,rules,2.223885201474295,1.9310878687007484,0.02319231819295077
18,5,rules,2.2241949129712983,2.09569234871936,0.008206918096808938
22,8,linear_rules,2.2243107488591396,1.8316023385459155,0.021795555347581815
15,4,rules,2.224418389998031,1.9083675008806742,0.008321251643194066
23,5,rules,2.225859788425235,2.1552967653898305,0.03857770202121574
16,7,linear_rules,2.2260827947353006,1.8448069461023042,0.00875216269525115
14,4,rules,2.226365737296559,1.7043541217737603,0.02957962670443096
16,6,linear_rules,2.2277607215673423,1.8447312823040671,0.009528571780903293
26,8,linear_rules,2.2307619669672136,1.882814276796421,0.029601670485617668
7,5,rules,2.230986699300866,2.1261913749735157,0.006914017113863478
10,4,rules,2.2313783871833905,1.5797363336760106,0.05615730656691821
27,5,rules,2.231723754376082,2.229054441905304,0.02522423400938657
0,4,rules,2.2330310613650344,2.0469328574734873,0.010582795541640702
2,4,rules,2.233194610400062,2.0417210921931863,0.0113316112400129
13,8,linear_rules,2.2333881102494653,1.7887364164821502,0.0037081383234385166
19,8,linear_rules,2.234844014336679,1.815215295072333,0.005869623629938406
4,4,rules,2.2350306626906846,2.008009883627549,0.0022199076334566805
9,12,hinge_rules,2.237554611802461,1.661295836472639,0.009282075109247714
8,7,linear_rules,2.23770871556395,1.829240667282418,0.027158092192933306
27,4,rules,2.2388960209585096,2.1533597870473127,0.008680272687679359
0,0,adam,2.2393282290636884,2.100337276915609,0.044469832211444175
8,6,linear_rules,2.2397615745043686,1.8292026598244064,0.027727812594075227
18,8,linear_rules,2.240003895309404,1.8095129613150829,0.008039311533790639
27,0,adam,2.2414932703740065,2.1744243875748057,0.0078316093166974
22,7,linear_rules,2.241889921608734,1.829394249855538,0.026544256901300228
23,7,linear_rules,2.2420903736795577,1.899790875777111,0.0664865371369925
26,7,linear_rules,2.242231986921661,1.8799046142601747,0.031523704237161304
9,8,linear_rules,2.2423028832156287,1.6901916024717618,0.006592835371425397
6,4,rules,2.243363129690977,2.0245990216102445,0.002562030140035101
26,6,linear_rules,2.243966505643618,1.8796950592299664,0.031238091685350026
22,6,linear_rules,2.2441270141301826,1.8293590081205346,0.02713342690143431
22,4,rules,2.244256096024518,1.915144280466865,0.020717548945429293
8,4,rules,2.244256096024518,1.915144280466865,0.020717548945429293
23,6,linear_rules,2.2452802458900165,1.8997286946955652,0.06814253096138242
1,4,rules,2.245483713943726,2.030523837360035,0.02035553929411638
25,4,rules,2.248059273922067,1.9863616322591926,0.03053993693040962
9,0,adam,2.24879166773355,1.7585244097469679,0.017488158156131882
11,4,rules,2.249652444911734,1.604999638475129,0.02021016058006603
0,15,hinge_rules,2.249713291350207,2.2939804013241205,0.01055717071241722
20,4,rules,2.2498094719193844,1.9167847864265761,0.011724243657929097
13,7,linear_rules,2.250051775283264,1.7853212521589479,0.01118646850584673
13,4,rules,2.250533072820959,1.8804662902035938,0.0005749101515034353
3,4,rules,2.250712931123834,2.0150898660895162,0.008794155361415833
12,10,linear_rules,2.251789483360105,1.95459330760786,0.029543812967931384
13,6,linear_rules,2.252444966039926,1.785211759707765,0.012990566215873042
19,7,linear_rules,2.253945564579656,1.8112906868522676,0.00371755600889658
27,3,rules,2.2549108199341132,2.1463977907578,0.0009834708655084559
0,3,rules,2.2549179309631757,2.0385405431805994,0.02136623780607541
18,4,rules,2.2564491698756455,1.9068748015243275,0.004027184188971142
19,6,linear_rules,2.2569177422738527,1.8112093520314958,0.0032626735135217124
16,4,rules,2.257585358224052,1.930070595737834,0.004331214016645799
27,2,rules,2.2581359854233183,2.1461599370152245,0.0001803218422494833
27,1,rules,2.2585031108704494,2.146156752829086,0.00011981908266185635
26,4,rules,2.2585305205288204,1.968955935412898,0.015590872185542812
0,2,rules,2.258833336265506,2.0381695844678007,0.02443462116012174
0,1,rules,2.2593046687930625,2.0381593189482725,0.024824522437888605
5,4,rules,2.259601740029246,1.9936130085798287,0.03437955054037175
6,0,adam,2.2598055132946535,2.090115325871838,0.026867533913182827
19,4,rules,2.2599521254705195,1.9130993289899227,0.016757324046193334
9,7,linear_rules,2.2600706793654677,1.6873708210976628,0.008093836770872956
9,6,linear_rules,2.2622946083072306,1.687325974129287,0.00828186603112075
2,3,rules,2.26283824840499,2.0308787989521413,0.02415744972001582
16,0,adam,2.264363877321462,1.963835124779932,0.015231254859996185
7,4,rules,2.2647309800290074,1.9895905581847448,0.0036374446113042196
18,7,linear_rules,2.265453868477906,1.8056482213691716,0.009465043795576156
4,0,adam,2.266647442711119,2.056915721174505,0.0031373140498844247
9,3,rules,2.2683633994820687,1.7061981892065519,0.0057210219464928595
21,8,linear_rules,2.2686770918484793,1.788069791279101,0.0008654759070244762
2,2,rules,2.269021721062051,2.0304480168852654,0.028512235354932296
2,1,rules,2.2697386264846835,2.0304357153860275,0.029020503659989434
18,6,linear_rules,2.269837657091812,1.8055408436333091,0.008075166802329767
3,0,adam,2.2699070997831847,2.0539937861272586,0.019382996302758988
9,11,hinge_rules,2.272354507109105,1.6422442706492735,0.0012892449697064024
23,4,rules,2.272811673721401,2.019844307328806,0.054326818686666244
4,3,rules,2.272839417464507,1.9944540531307249,0.010435722359561693
17,3,rules,2.273572013192489,1.9023894465258435,0.042029316001901976
1,3,rules,2.2762078749225747,2.018228602036623,0.02524689350743548
10,20,hinge_only,2.2771384007154194,2.3330292879176815,0.0
9,20,hinge_only,2.2771384007154194,2.3330292879176815,0.0
25,0,adam,2.279283979294437,2.040424144018538,0.009406655426463031
12,7,linear_rules,2.2795539634175093,1.863411158495936,0.07928630782767755
12,6,linear_rules,2.27958090721659,1.8633832454324115,0.07966197108658579
12,8,linear_rules,2.2799456041035846,1.8647412370732561,0.0766679449883818
1,0,adam,2.2799562138025964,2.083832228551251,0.005328055508988914
4,2,rules,2.279978504011995,1.9939756200319367,0.01141515318912147
3,3,rules,2.2806117106784525,2.0026961959957763,0.004223233668147188
4,1,rules,2.280770290032371,1.993968755386836,0.011492152502158055
1,2,rules,2.2813165577466754,2.0175100365553815,0.0271005789702149
1,1,rules,2.281891140530189,2.01748547451652,0.027428356505331226
21,4,rules,2.2819254293649216,1.8842795366432248,0.009184408643908877
14,0,adam,2.282223763769277,1.7007998442785088,0.08863503340518386
6,3,rules,2.282528109031154,2.0098981528667577,0.008250054516630297
17,0,adam,2.2829253206072924,1.9563702408899644,0.013731645042108127
2,0,adam,2.283193202922124,2.083853181928071,0.016457846935721786
9,2,rules,2.283881643139434,1.7035428222426297,0.0080988637960579
9,1,rules,2.2857881079005518,1.703499952915831,0.008432473613313375
3,2,rules,2.2863515063853552,2.0023224452915285,0.002789670064656569
3,1,rules,2.2869940586237636,2.002317876961386,0.0026165854006639107
12,9,linear_rules,2.287165202928886,1.8841928715653107,0.06352133777569849
17,2,rules,2.288389641632485,1.9005789025569342,0.042470141768177254
25,3,rules,2.2889921630467582,1.9666071820161366,0.06769712165702754
21,7,linear_rules,2.289402136528923,1.7855423234517591,0.001616879346989523
17,1,rules,2.290550067352043,1.9005358936018344,0.042071726105443324
21,6,linear_rules,2.292001445005113,1.7855025060963472,0.001641194468202315
15,3,rules,2.2930092091684697,1.852159362647301,0.01437803741985961
6,2,rules,2.2939071580965233,2.009241173421037,0.0064257057986703585
11,0,adam,2.294245637200518,1.634144319094625,0.003748720611114242
20,0,adam,2.296451419771151,1.960134450660248,0.03967786234691902
6,1,rules,2.2972300380792285,2.0092066974778433,0.0034157851626635495
5,3,rules,2.298248124613269,1.9763831978596995,0.03474258432123477
8,0,adam,2.2988905353470273,1.9434684686730406,0.0029672500855987562
22,0,adam,2.2988905353470273,1.9434684686730406,0.0029672500855987562
15,0,adam,2.300518712040951,1.9275212786495968,0.023117793487796547
25,2,rules,2.301518826446808,1.96546990057211,0.07946253595757305
14,8,linear_rules,2.302197876744024,1.6209121667812312,0.039763218612396525
25,1,rules,2.303309172594912,1.965435871685695,0.08115518023494155
7,3,rules,2.3046393020110982,1.973252325532469,0.004362860564386724
5,2,rules,2.3060130691439538,1.975784018250267,0.03427666939315456
5,1,rules,2.3068894145948153,1.9757761934300717,0.03420283108220277
20,3,rules,2.3081932283668314,1.8918653268934915,0.012656591356280255
16,3,rules,2.3081962796510918,1.9069109489287133,0.006261811969124139
7,2,rules,2.312676553752573,1.9727615902443123,0.0029292767407781625
7,1,rules,2.313576342534419,1.9727555824468124,0.0027274329042785306
15,2,rules,2.314376324631117,1.8466718255079482,0.016941089986455653
15,1,rules,2.317292917390855,1.8465380450568505,0.017401260387737972
22,3,rules,2.3175858534231972,1.8809689657969155,0.03970557699667912
8,3,rules,2.3175858534231972,1.8809689657969155,0.03970557699667912
26,0,adam,2.319243655374559,2.025636956870412,0.019154139066986875
19,0,adam,2.3201668344123476,1.9367585089636687,0.012642128102609012
26,3,rules,2.320674214049019,1.9475133587255435,0.037606631175627625
16,2,rules,2.3210046166301384,1.9053350447307067,0.009352505371060476
7,0,adam,2.321058452272739,2.0097954660913464,0.007912803435224613
13,3,rules,2.321977256877667,1.841334862791041,0.0007006399649210794
16,1,rules,2.3228430554724495,1.905300470754511,0.01013917004643766
20,2,rules,2.3229102226762928,1.8905849567496387,0.011995518658677493
21,0,adam,2.3235213376467696,1.903573199117252,0.011035171635676126
13,0,adam,2.323707313395359,1.8907679568138034,0.011312158948652878
20,1,rules,2.324639110602545,1.890555168864824,0.011822210476581012
19,3,rules,2.3261481734231535,1.8715060647468373,0.01324462651298715
14,3,rules,2.3264063958605297,1.6350821643426094,0.04829890954162615
23,0,adam,2.3305832912792255,2.061222406447457,0.07567853111450693
14,7,linear_rules,2.3327199559079252,1.615791754629325,0.05146964404296054
18,3,rules,2.3331450371704703,1.862713666231754,0.016049513305119972
0,20,hinge_only,2.335096190834328,2.3998137512615685,0.0
10,12,hinge_rules,2.33512403842826,1.4481006000472083,0.12638818425694875
26,2,rules,2.33535451211769,1.9464203760880059,0.0432378836439102
23,3,rules,2.3361342586389213,1.9867336034907455,0.09563319493192984
18,0,adam,2.3364769915568218,1.9362859791704288,0.014815128420730862
5,0,adam,2.336693380239485,2.0420986428641776,0.06645624668408612
14,6,linear_rules,2.3368027149992505,1.6156859189430635,0.05324755049713921
22,2,rules,2.336814211004641,1.8791921241835534,0.04533277913867681
8,2,rules,2.336814211004641,1.8791921241835534,0.04533277913867681
26,1,rules,2.3372222398918248,1.9463782209330054,0.04375405397682748
12,5,rules,2.3384615868218255,2.001511701473806,0.013193973223417109
22,1,rules,2.3391941140876042,1.8791644939315209,0.045980115740768934
8,1,rules,2.3391941140876042,1.8791644939315209,0.045980115740768934
11,8,linear_rules,2.340486719572061,1.5508049010805944,0.006649795424352104
13,2,rules,2.3419395864715153,1.8388160350819747,0.005386712070410067
13,1,rules,2.344740209760483,1.8387472189212903,0.00680802194511518
10,8,linear_rules,2.344905966230309,1.472941563048249,0.13184283047692466
19,2,rules,2.348016538361679,1.868058762005904,0.00951771646350679
19,1,rules,2.3513045894230533,1.867981060395925,0.008825947901253668
10,0,adam,2.3527062806711503,1.5982430749361458,0.07996762287661076
14,2,rules,2.3537289772705217,1.6298539407708734,0.05914127939014547
11,3,rules,2.35543213357879,1.5566997121578878,0.018554900074852044
23,2,rules,2.357298900806726,1.984478824001493,0.10943747391047164
14,1,rules,2.357486108152444,1.6297423541419627,0.0608805891656182
18,2,rules,2.3590137617890723,1.8592087655438019,0.018483050178995958
23,1,rules,2.3602447407679783,1.9844403454783834,0.1110651456315018
10,3,rules,2.362552262466094,1.4805423176652912,0.12598712649018598
18,1,rules,2.3631765266617464,1.8591113206974592,0.01749910124888047
11,7,linear_rules,2.3644704086422137,1.5486565697942125,0.005280279248402331
11,6,linear_rules,2.367284289060165,1.548621649226427,0.004935918345955575
21,3,rules,2.373502204915291,1.8411059960057403,0.020620992047059507
11,2,rules,2.3770978997096908,1.5548420113115191,0.01915881196688505
11,1,rules,2.3797043951360584,1.5548110330210152,0.019112540642571528
10,7,linear_rules,2.3817968286845845,1.4663651059698735,0.14962024252149178
10,11,hinge_rules,2.3844389455235735,1.426392123710833,0.142931802370768
10,6,linear_rules,2.3862723484586046,1.4662066782350327,0.15187376090567112
21,2,rules,2.397778120857551,1.838694671237537,0.024352486402513855
10,2,rules,2.3983323844788025,1.4741968588956071,0.1457550003075439
12,0,adam,2.3985543778264695,1.999278024144527,0.05792428914250909
21,1,rules,2.400819894113826,1.8386534175078484,0.02488763767932856
10,1,rules,2.4027820440096423,1.4740558799343746,0.14813866150210686
12,4,rules,2.417732788190394,1.956160905152051,0.03655923459739536
12,3,rules,2.4443607891065398,1.9510117650148109,0.04672233747716809
12,2,rules,2.449601985439143,1.9507054776333945,0.04994888000421081
12,1,rules,2.4502467548624116,1.9506941750967826,0.05036821025301783
24,4,rules,2.4661071286401857,2.4522474925169373,0.010201699727928386
24,5,rules,2.474828756995425,2.545286951095603,0.0190185767944543
24,0,adam,2.4968150377196077,2.4530990575040033,0.008975698690707972
24,3,rules,2.497106477592374,2.4231269698210953,0.0036282988054583865
24,2,rules,2.507881263087956,2.420772582480746,0.00013065751937462125
24,1,rules,2.5092939400424132,2.4207147867092296,0.0009223463787120387
