network,head,seed,kind,alpha,rmse,mae,r2,tail_n,tail_mae,bias,tail_bias,train_rmse
0,11,314,hinge_rules,0.0001,2.1499766076553817,1.5617760526090618,0.5160106492593584,7,7.096793707764958,0.05646644225857846,-7.096793707764958,1.930113974743692
0,12,314,hinge_rules,0.001,2.148967696823254,1.5578586048811822,0.5164647821323228,7,7.108929186661017,0.048078017979371154,-7.108929186661017,1.9385616494417486
0,13,314,hinge_rules,0.01,2.127623675695993,1.5386511654434352,0.5260222387226602,7,7.170760262581042,0.04538493121099465,-7.170760262581042,1.9615117595451708
0,14,314,hinge_rules,0.1,2.106384943755474,1.5286016151313784,0.535437852982301,7,7.393313568340711,0.03696167326446634,-7.393313568340711,2.0524279465857886
0,15,314,hinge_rules,1.0,2.2571783383511015,1.6537405312506,0.4665421821538397,7,8.379172312490182,-0.005958671397497056,-8.379172312490182,2.2974351381473728
0,16,314,hinge_only,0.0001,2.1085449019287843,1.5343109870816571,0.5344846090964795,7,7.029254779678349,0.041103876757983146,-7.029254779678349,2.0672171066461433
0,17,314,hinge_only,0.001,2.098047295441447,1.5220750932758866,0.5391083025949688,7,7.089867035097791,0.03057613219649451,-7.089867035097791,2.0765928420228863
0,18,314,hinge_only,0.01,2.0881785019849266,1.5308936194056717,0.543433989142823,7,7.162788890247576,0.022874977106039248,-7.162788890247576,2.1055009417699138
0,19,314,hinge_only,0.1,2.1341674802499795,1.5707534244083747,0.5231021851453218,7,7.279594920386012,0.00914628368911746,-7.279594920386012,2.1896393448546503
0,20,314,hinge_only,1.0,2.335096190834328,1.7129943004161619,0.42907654235424575,7,8.38943405991437,-0.023597561289134754,-8.38943405991437,2.3998137512615685
0,11,2718,hinge_rules,0.0001,2.144741934213514,1.550990198872704,0.5183645743480834,7,7.024373731620947,0.09179768526901991,-7.024373731620947,1.934256576171646
0,12,2718,hinge_rules,0.001,2.1355869049158342,1.5423820945962092,0.5224676092405937,7,7.043185375701209,0.0788624291204041,-7.043185375701209,1.9431677765880173
0,13,2718,hinge_rules,0.01,2.116207405751961,1.5274336859588875,0.5310950727708114,7,7.16785528197641,0.06869173077701066,-7.16785528197641,1.9624029182663976
0,14,2718,hinge_rules,0.1,2.095722120585943,1.5187992614393044,0.5401293090846981,7,7.448437274433606,0.04302993404210026,-7.448437274433606,2.0442289012082733
0,15,2718,hinge_rules,1.0,2.242248244349313,1.6389650456183045,0.4735759502979453,7,8.332362963877788,-0.006055817707085714,-8.332362963877788,2.2905256645008683
0,16,2718,hinge_only,0.0001,2.1085449019287843,1.5343109870816571,0.5344846090964795,7,7.029254779678349,0.041103876757983146,-7.029254779678349,2.0672171066461433
0,17,2718,hinge_only,0.001,2.098047295441447,1.5220750932758866,0.5391083025949688,7,7.089867035097791,0.03057613219649451,-7.089867035097791,2.0765928420228863
0,18,2718,hinge_only,0.01,2.0881785019849266,1.5308936194056717,0.543433989142823,7,7.162788890247576,0.022874977106039248,-7.162788890247576,2.1055009417699138
0,19,2718,hinge_only,0.1,2.1341674802499795,1.5707534244083747,0.5231021851453218,7,7.279594920386012,0.00914628368911746,-7.279594920386012,2.1896393448546503
0,20,2718,hinge_only,1.0,2.335096190834328,1.7129943004161619,0.42907654235424575,7,8.38943405991437,-0.023597561289134754,-8.38943405991437,2.3998137512615685
9,11,314,hinge_rules,0.0001,2.273266140969795,1.6439024340779949,0.4589107529741644,7,6.655709621581849,0.05826539961354136,-6.655709621581849,1.6341144631688505
9,12,314,hinge_rules,0.001,2.244118030055693,1.615131223119286,0.4726976259959398,7,6.730899515785069,0.05070660132459187,-6.730899515785069,1.6517359780717906
9,13,314,hinge_rules,0.01,2.1598480116757526,1.5568883561602171,0.5115560682480975,7,7.070752220146056,0.062383921463407675,-7.070752220146056,1.7177259279246746
9,14,314,hinge_rules,0.1,2.080524453771494,1.5106248354949319,0.5467748660941121,7,7.321968711899632,0.04243506711597751,-7.321968711899632,1.9363887469605254
9,15,314,hinge_rules,1.0,2.215210696726286,1.618632335212796,0.4861948934941398,7,7.998555367072939,-0.009051382179085996,-7.998555367072939,2.236062939025959
9,16,314,hinge_only,0.0001,2.122437200663926,1.5481493821629186,0.5283302385863549,7,7.123419682367888,0.05092790019710326,-7.123419682367888,2.048223813859087
9,17,314,hinge_only,0.001,2.105281007799844,1.526106835128227,0.5359246704277076,7,7.135285141229109,0.03445435251932056,-7.135285141229109,2.0681256854777494
9,18,314,hinge_only,0.01,2.092150945015818,1.5263572633662963,0.5416952416227084,7,7.169175580111346,0.025722950834088338,-7.169175580111346,2.094178062454524
9,19,314,hinge_only,0.1,2.111399022208634,1.5597210426176171,0.533223515594427,7,7.185235204083684,0.011908828930309753,-7.185235204083684,2.164379224204221
9,20,314,hinge_only,1.0,2.2771384007154194,1.6693776089985322,0.4570658105131763,7,7.980369031122886,-0.01409748117939823,-7.980369031122886,2.3330292879176815
9,11,2718,hinge_rules,0.0001,2.271442873248415,1.667255794145155,0.4597783635987598,7,5.955680506733129,0.05606451396016812,-5.955680506733129,1.6503740781296965
9,12,2718,hinge_rules,0.001,2.230991193549229,1.6251537173730977,0.4788484323209369,7,5.981746459311404,0.05225172404422519,-5.981746459311404,1.6708556948734872
9,13,2718,hinge_rules,0.01,2.1473323510606743,1.5547232687105066,0.5172004343199874,7,6.389220358426081,0.056380803273223104,-6.389220358426081,1.7342288978518416
9,14,2718,hinge_rules,0.1,2.078435582090886,1.5192753182151875,0.5476844962421177,7,7.000770495563655,0.029929303573683376,-7.000770495563655,1.9470104984945327
9,15,2718,hinge_rules,1.0,2.2213602528765986,1.6269752688332253,0.4833382270130021,7,7.902558308513562,-0.011341812858726963,-7.902558308513562,2.2476410796285933
9,16,2718,hinge_only,0.0001,2.122437200663926,1.5481493821629186,0.5283302385863549,7,7.123419682367888,0.05092790019710326,-7.123419682367888,2.048223813859087
9,17,2718,hinge_only,0.001,2.105281007799844,1.526106835128227,0.5359246704277076,7,7.135285141229109,0.03445435251932056,-7.135285141229109,2.0681256854777494
9,18,2718,hinge_only,0.01,2.092150945015818,1.5263572633662963,0.5416952416227084,7,7.169175580111346,0.025722950834088338,-7.169175580111346,2.094178062454524
9,19,2718,hinge_only,0.1,2.111399022208634,1.5597210426176171,0.533223515594427,7,7.185235204083684,0.011908828930309753,-7.185235204083684,2.164379224204221
9,20,2718,hinge_only,1.0,2.2771384007154194,1.6693776089985322,0.4570658105131763,7,7.980369031122886,-0.01409748117939823,-7.980369031122886,2.3330292879176815
10,11,314,hinge_rules,0.0001,2.4855069922271587,1.7871094752510615,0.3531578454791917,7,6.602026662582126,0.010826581953433735,-6.602026662582126,1.4040946578160922
10,12,314,hinge_rules,0.001,2.424493980578203,1.7446056710947444,0.3845248016680609,7,6.559155138640409,0.022744065064801956,-6.559155138640409,1.4272720157539334
10,13,314,hinge_rules,0.01,2.2347259896439535,1.6164746388145135,0.4771021017851579,7,6.8565599333257214,0.04313389774113034,-6.8565599333257214,1.5463715502955961
10,14,314,hinge_rules,0.1,2.0799937261645507,1.5136246460231602,0.5470060658864024,7,7.254793766715066,0.0312806648108237,-7.254793766715066,1.892576624386895
10,15,314,hinge_rules,1.0,2.2142076109173447,1.6196056271794672,0.4866601078620164,7,7.992104887940393,-0.009240830663712906,-7.992104887940393,2.2320737805677586
10,16,314,hinge_only,0.0001,2.122437200663926,1.5481493821629186,0.5283302385863549,7,7.123419682367888,0.05092790019710326,-7.123419682367888,2.048223813859087
10,17,314,hinge_only,0.001,2.105281007799844,1.526106835128227,0.5359246704277076,7,7.135285141229109,0.03445435251932056,-7.135285141229109,2.0681256854777494
10,18,314,hinge_only,0.01,2.092150945015818,1.5263572633662963,0.5416952416227084,7,7.169175580111346,0.025722950834088338,-7.169175580111346,2.094178062454524
10,19,314,hinge_only,0.1,2.111399022208634,1.5597210426176171,0.533223515594427,7,7.185235204083684,0.011908828930309753,-7.185235204083684,2.164379224204221
10,20,314,hinge_only,1.0,2.2771384007154194,1.6693776089985322,0.4570658105131763,7,7.980369031122886,-0.01409748117939823,-7.980369031122886,2.3330292879176815
10,11,2718,hinge_rules,0.0001,2.283370898819988,1.6697935018616348,0.45408973574869327,7,5.754205200015364,0.019544077732732847,-5.754205200015364,1.4486895896055738
10,12,2718,hinge_rules,0.001,2.2457540962783167,1.630666043720475,0.47192848991092307,7,5.891972232300249,0.01631163117229559,-5.891972232300249,1.4689291843404833
10,13,2718,hinge_rules,0.01,2.1384990279543983,1.5469590220048526,0.5211643785275937,7,6.4386891988507164,0.023389652682925983,-6.4386891988507164,1.5781943533656009
10,14,2718,hinge_rules,0.1,2.073216261747588,1.5035842173649663,0.5499533328254205,7,7.190285728271947,0.020569402412946816,-7.190285728271947,1.8990245457123862
10,15,2718,hinge_rules,1.0,2.215462061053221,1.619546442214049,0.48607828192076175,7,7.979891814818793,-0.007893771242066954,-7.979891814818793,2.229833472360911
10,16,2718,hinge_only,0.0001,2.122437200663926,1.5481493821629186,0.5283302385863549,7,7.123419682367888,0.05092790019710326,-7.123419682367888,2.048223813859087
10,17,2718,hinge_only,0.001,2.105281007799844,1.526106835128227,0.5359246704277076,7,7.135285141229109,0.03445435251932056,-7.135285141229109,2.0681256854777494
10,18,2718,hinge_only,0.01,2.092150945015818,1.5263572633662963,0.5416952416227084,7,7.169175580111346,0.025722950834088338,-7.169175580111346,2.094178062454524
10,19,2718,hinge_only,0.1,2.111399022208634,1.5597210426176171,0.533223515594427,7,7.185235204083684,0.011908828930309753,-7.185235204083684,2.164379224204221
10,20,2718,hinge_only,1.0,2.2771384007154194,1.6693776089985322,0.4570658105131763,7,7.980369031122886,-0.01409748117939823,-7.980369031122886,2.3330292879176815
