,rmse,rmse,mae,mae,r2,r2,tail_mae,tail_mae,logical_edges,logical_edges
,mean,std,mean,std,mean,std,mean,std,mean,std
model,,,,,,,,,,
forest,2.1468430035648236,0.03945085281888978,1.5139642280155485,0.023989745868379198,0.5539971453941385,0.027714608066330578,7.385799570892002,0.6322727033169164,,
ridge,2.223845315515581,0.13586812677312873,1.5871166440648192,0.06936244190550878,0.5222127789012614,0.03745802509950394,7.170271141663418,0.7182171848374881,,
round2_all,2.145038365916861,0.07429607764666821,1.5300175172786716,0.0510970546052042,0.5551538356034058,0.02537041228745108,7.466780105988937,0.634985296798951,2718.8,803.6533456659034
round2_hinge_only,2.1243577827938958,0.08854075723225692,1.5306992318674129,0.06102767841878828,0.5637111092234213,0.02825738827641102,7.136178914710511,0.5495825358627925,0.0,0.0
round3_rf,2.1478567290294115,0.053085433331135905,1.5166029369511196,0.034739011114551965,0.5537838564577274,0.02538020297921207,7.591443664202506,0.6493580244816045,,
round3_rrl,2.1028268954699216,0.07625085221470143,1.4995335576085747,0.05074345764258481,0.5725733440087964,0.023322340295528834,7.13927312781428,0.5533881876875543,4538.2,787.9322305883926
round3_smooth,2.1243577827938958,0.08854075723225692,1.5306992318674129,0.06102767841878828,0.5637111092234213,0.02825738827641102,7.136178914710511,0.5495825358627925,,
rrl_optimized,2.2899258827510094,0.055456360020607366,1.6335991859436034,0.06210250163505696,0.4932639479637146,0.014872683319986556,8.36264762878418,0.6129841214445548,593.2,281.79904187204045
