reference,fold,rmse_delta
round3_rf,0,-0.018059556845644753
round3_rf,1,-0.0681953893850431
round3_rf,2,-0.07623907922403861
round3_rf,3,-0.04380974244814606
round3_rf,4,-0.018845399894579007
round3_smooth,0,-0.013348562118819185
round3_smooth,1,-0.00799701499307659
round3_smooth,2,-0.005845704337271496
round3_smooth,3,-0.04148765063911064
round3_smooth,4,-0.03897550453159315
forest,0,-0.01206106287524289
forest,1,-0.07315999830647213
forest,2,-0.09082720263966904
forest,3,-0.04827149136055109
forest,4,0.004239214707424388
round2_all,0,-0.0318996100102078
round2_all,1,-0.04894300166575949
round2_all,2,-0.043101363581767416
round2_all,3,-0.04524603850788056
round2_all,4,-0.041867338469081083
