split_seed,fold,rf,rrl,smooth,rrl_minus_rf,rrl_minus_smooth
17,0,2.1879441212298736,2.128915834391636,2.168755976025303,-0.05902828683823769,-0.03984014163366689
17,1,2.067848027257364,2.0477847442092862,2.0570949004191683,-0.020063283048077807,-0.00931015620988207
17,2,2.0943788227532103,2.085615761278353,2.1141733470474846,-0.008763061474857281,-0.028557585769131588
17,3,2.2127304129630008,2.1650799145720887,2.1697184615979164,-0.047650498390912066,-0.004638547025827666
17,4,2.0991602728873184,2.059601148973956,2.0947998921090605,-0.03955912391336236,-0.035198743135104404
42,0,2.1871507644407004,2.144348956951142,2.1704533212976296,-0.04280180748955864,-0.026104364346487774
42,1,2.0283807740884847,2.0479213211431446,2.0624735286263287,0.019540547054659907,-0.014552207483184088
42,2,2.233852693461344,2.184120047468044,2.2275778469513696,-0.049732645993300295,-0.04345779948332584
42,3,2.272876540416506,2.2313128200193453,2.2221415116929193,-0.04156372039716061,0.009171308326425986
42,4,1.9358051192137888,1.9027192297831572,1.934287992366784,-0.03308588943063162,-0.03156876258362673
