candidate,mean_rmse,seed_std,config
54,2.0704968888676296,0.011451258551873662,"{""n_estimators"": 400, ""max_depth"": 20, ""min_samples_leaf"": 2, ""max_features"": 0.4, ""max_samples"": 0.8}"
4,2.071629008923586,0.007639759489341167,"{""n_estimators"": 150, ""max_depth"": null, ""min_samples_leaf"": 5, ""max_features"": 1.0, ""max_samples"": null}"
37,2.0724605641980083,0.0028019381075266017,"{""n_estimators"": 800, ""max_depth"": 12, ""min_samples_leaf"": 2, ""max_features"": 0.4, ""max_samples"": 0.8}"
53,2.072833817045407,0.0007225381297161046,"{""n_estimators"": 800, ""max_depth"": null, ""min_samples_leaf"": 2, ""max_features"": 0.4, ""max_samples"": 0.6}"
45,2.0728733544885793,0.004539718682103061,"{""n_estimators"": 150, ""max_depth"": 20, ""min_samples_leaf"": 10, ""max_features"": 0.7, ""max_samples"": null}"
48,2.073385113054692,0.0002821260439665131,"{""n_estimators"": 150, ""max_depth"": null, ""min_samples_leaf"": 8, ""max_features"": 1.0, ""max_samples"": 0.8}"
71,2.0734082270734744,0.0029502261731220026,"{""n_estimators"": 150, ""max_depth"": null, ""min_samples_leaf"": 4, ""max_features"": 1.0, ""max_samples"": 0.8}"
70,2.0737709366298387,0.003583123869990812,"{""n_estimators"": 150, ""max_depth"": 20, ""min_samples_leaf"": 10, ""max_features"": 1.0, ""max_samples"": 0.8}"
39,2.0746452432492433,0.0023830150448181315,"{""n_estimators"": 800, ""max_depth"": 12, ""min_samples_leaf"": 4, ""max_features"": 0.4, ""max_samples"": 0.8}"
34,2.0752337051818737,0.006465660651920133,"{""n_estimators"": 150, ""max_depth"": 12, ""min_samples_leaf"": 1, ""max_features"": 0.7, ""max_samples"": 0.6}"
31,2.0752756026308177,0.007591202312748445,"{""n_estimators"": 400, ""max_depth"": null, ""min_samples_leaf"": 4, ""max_features"": 1.0, ""max_samples"": 0.8}"
42,2.07532169669114,0.00011126414656327825,"{""n_estimators"": 800, ""max_depth"": null, ""min_samples_leaf"": 8, ""max_features"": 1.0, ""max_samples"": 0.8}"
9,2.0769322270466413,0.008567829321998045,"{""n_estimators"": 400, ""max_depth"": 8, ""min_samples_leaf"": 10, ""max_features"": 1.0, ""max_samples"": 0.6}"
5,2.077277824682739,0.006173715168800727,"{""n_estimators"": 150, ""max_depth"": null, ""min_samples_leaf"": 10, ""max_features"": 1.0, ""max_samples"": null}"
61,2.077379026280583,0.003130006186327315,"{""n_estimators"": 400, ""max_depth"": 20, ""min_samples_leaf"": 4, ""max_features"": 0.4, ""max_samples"": null}"
69,2.0775231176114044,0.0023586426914278128,"{""n_estimators"": 400, ""max_depth"": null, ""min_samples_leaf"": 4, ""max_features"": 0.4, ""max_samples"": 0.8}"
6,2.0777550853113826,0.003520907231847279,"{""n_estimators"": 150, ""max_depth"": 8, ""min_samples_leaf"": 8, ""max_features"": 1.0, ""max_samples"": null}"
38,2.077893993671573,0.006266901243368188,"{""n_estimators"": 400, ""max_depth"": 8, ""min_samples_leaf"": 4, ""max_features"": 1.0, ""max_samples"": 0.6}"
60,2.078439382339531,0.004523214829162217,"{""n_estimators"": 150, ""max_depth"": 8, ""min_samples_leaf"": 8, ""max_features"": 0.7, ""max_samples"": null}"
29,2.07881094112739,0.011486062376309128,"{""n_estimators"": 150, ""max_depth"": 20, ""min_samples_leaf"": 2, ""max_features"": 0.4, ""max_samples"": 0.6}"
20,2.079067522440283,0.004965570534870869,"{""n_estimators"": 150, ""max_depth"": null, ""min_samples_leaf"": 10, ""max_features"": 0.7, ""max_samples"": 0.8}"
1,2.079137914271476,0.0045019378835582805,"{""n_estimators"": 150, ""max_depth"": 8, ""min_samples_leaf"": 5, ""max_features"": 1.0, ""max_samples"": null}"
49,2.0793636417632033,0.005783088965732356,"{""n_estimators"": 400, ""max_depth"": null, ""min_samples_leaf"": 10, ""max_features"": 1.0, ""max_samples"": null}"
24,2.079592310822491,0.0006934829104574402,"{""n_estimators"": 800, ""max_depth"": 8, ""min_samples_leaf"": 8, ""max_features"": 1.0, ""max_samples"": 0.8}"
21,2.079815585973762,0.007010462325156512,"{""n_estimators"": 150, ""max_depth"": null, ""min_samples_leaf"": 8, ""max_features"": 0.4, ""max_samples"": 0.8}"
16,2.0798720402098096,0.003956662207995931,"{""n_estimators"": 400, ""max_depth"": null, ""min_samples_leaf"": 10, ""max_features"": 0.7, ""max_samples"": null}"
25,2.0804293907699187,0.0017866772127008445,"{""n_estimators"": 800, ""max_depth"": 20, ""min_samples_leaf"": 1, ""max_features"": 0.4, ""max_samples"": 0.8}"
44,2.081252616975211,0.005834334918562813,"{""n_estimators"": 150, ""max_depth"": null, ""min_samples_leaf"": 16, ""max_features"": 0.7, ""max_samples"": null}"
64,2.0813510857137363,0.0035193778387082627,"{""n_estimators"": 150, ""max_depth"": 8, ""min_samples_leaf"": 4, ""max_features"": 1.0, ""max_samples"": null}"
2,2.081599901651975,0.005920499012943502,"{""n_estimators"": 150, ""max_depth"": 8, ""min_samples_leaf"": 10, ""max_features"": 1.0, ""max_samples"": null}"
57,2.082144632366375,0.004759517594358995,"{""n_estimators"": 150, ""max_depth"": 12, ""min_samples_leaf"": 16, ""max_features"": 0.7, ""max_samples"": null}"
28,2.08216213643157,0.0025221830656923434,"{""n_estimators"": 400, ""max_depth"": 20, ""min_samples_leaf"": 8, ""max_features"": 0.4, ""max_samples"": null}"
8,2.0822199896827396,0.017917731541886656,"{""n_estimators"": 150, ""max_depth"": 12, ""min_samples_leaf"": 2, ""max_features"": 0.7, ""max_samples"": 0.8}"
10,2.0826709258278573,8.363923436088976e-05,"{""n_estimators"": 400, ""max_depth"": 8, ""min_samples_leaf"": 1, ""max_features"": 0.7, ""max_samples"": 0.8}"
30,2.0829061994349827,0.002521845413294848,"{""n_estimators"": 800, ""max_depth"": 8, ""min_samples_leaf"": 4, ""max_features"": 1.0, ""max_samples"": 0.8}"
19,2.083021343830857,0.0052233351989482354,"{""n_estimators"": 400, ""max_depth"": 8, ""min_samples_leaf"": 1, ""max_features"": 0.7, ""max_samples"": 0.6}"
46,2.0834153716495654,0.0051343833608251625,"{""n_estimators"": 150, ""max_depth"": 20, ""min_samples_leaf"": 16, ""max_features"": 1.0, ""max_samples"": 0.8}"
67,2.0839095195735284,0.0008144302554962526,"{""n_estimators"": 400, ""max_depth"": 20, ""min_samples_leaf"": 8, ""max_features"": 0.4, ""max_samples"": 0.8}"
35,2.086178734845762,0.0038124356963011815,"{""n_estimators"": 400, ""max_depth"": 8, ""min_samples_leaf"": 10, ""max_features"": 0.7, ""max_samples"": null}"
27,2.086469090119408,0.000303765085624711,"{""n_estimators"": 400, ""max_depth"": 8, ""min_samples_leaf"": 2, ""max_features"": 0.7, ""max_samples"": 0.8}"
7,2.0868734715425417,0.00954435680449302,"{""n_estimators"": 400, ""max_depth"": 20, ""min_samples_leaf"": 1, ""max_features"": 1.0, ""max_samples"": 0.6}"
0,2.0869745615864925,0.00114081687487873,"{""n_estimators"": 150, ""max_depth"": 8, ""min_samples_leaf"": 1, ""max_features"": 1.0, ""max_samples"": null}"
55,2.0873736928691757,0.004231768308384208,"{""n_estimators"": 800, ""max_depth"": 8, ""min_samples_leaf"": 4, ""max_features"": 0.7, ""max_samples"": null}"
65,2.0881016495296745,4.1566168231135316e-05,"{""n_estimators"": 800, ""max_depth"": null, ""min_samples_leaf"": 8, ""max_features"": 0.4, ""max_samples"": 0.6}"
68,2.088547358832453,0.0016612099685966533,"{""n_estimators"": 400, ""max_depth"": 12, ""min_samples_leaf"": 1, ""max_features"": 1.0, ""max_samples"": 0.8}"
63,2.0903769809457255,0.0004649780312191393,"{""n_estimators"": 400, ""max_depth"": 20, ""min_samples_leaf"": 1, ""max_features"": 1.0, ""max_samples"": 0.8}"
11,2.091871045875518,0.0019174979658775223,"{""n_estimators"": 800, ""max_depth"": 20, ""min_samples_leaf"": 2, ""max_features"": 1.0, ""max_samples"": null}"
22,2.0920436320063467,0.004225199792068276,"{""n_estimators"": 400, ""max_depth"": 8, ""min_samples_leaf"": 16, ""max_features"": 0.7, ""max_samples"": 0.6}"
56,2.092085257591334,0.005497494207700089,"{""n_estimators"": 400, ""max_depth"": 12, ""min_samples_leaf"": 24, ""max_features"": 1.0, ""max_samples"": null}"
62,2.0926497250652547,0.005528854104060263,"{""n_estimators"": 150, ""max_depth"": 12, ""min_samples_leaf"": 10, ""max_features"": 0.4, ""max_samples"": 0.8}"
41,2.0965434353666366,0.010680019613141668,"{""n_estimators"": 150, ""max_depth"": 20, ""min_samples_leaf"": 10, ""max_features"": 0.4, ""max_samples"": 0.6}"
58,2.0968706943723547,0.002089262937731984,"{""n_estimators"": 400, ""max_depth"": 20, ""min_samples_leaf"": 24, ""max_features"": 0.7, ""max_samples"": 0.8}"
26,2.0994033961163625,0.0038302194130603964,"{""n_estimators"": 800, ""max_depth"": 6, ""min_samples_leaf"": 10, ""max_features"": 1.0, ""max_samples"": 0.6}"
33,2.1002810124225473,0.008436202669861536,"{""n_estimators"": 150, ""max_depth"": 6, ""min_samples_leaf"": 16, ""max_features"": 1.0, ""max_samples"": 0.6}"
43,2.1008447297408406,0.0039476408755291445,"{""n_estimators"": 400, ""max_depth"": 8, ""min_samples_leaf"": 4, ""max_features"": 0.4, ""max_samples"": null}"
3,2.1014270606141805,0.004073074336619464,"{""n_estimators"": 150, ""max_depth"": null, ""min_samples_leaf"": 1, ""max_features"": 1.0, ""max_samples"": null}"
52,2.10190510606163,0.0016485697509295114,"{""n_estimators"": 150, ""max_depth"": 8, ""min_samples_leaf"": 10, ""max_features"": 0.4, ""max_samples"": null}"
12,2.103478256715148,0.003631492295586868,"{""n_estimators"": 800, ""max_depth"": 8, ""min_samples_leaf"": 10, ""max_features"": 0.4, ""max_samples"": null}"
17,2.104478498501588,0.0052587148839328985,"{""n_estimators"": 150, ""max_depth"": 8, ""min_samples_leaf"": 8, ""max_features"": 0.4, ""max_samples"": null}"
59,2.108112533704789,0.001869116519485708,"{""n_estimators"": 150, ""max_depth"": 20, ""min_samples_leaf"": 16, ""max_features"": 0.4, ""max_samples"": 0.8}"
47,2.1082951201634526,3.431872143962662e-05,"{""n_estimators"": 800, ""max_depth"": 8, ""min_samples_leaf"": 10, ""max_features"": 0.4, ""max_samples"": 0.6}"
13,2.108376377934218,0.0017220541533655798,"{""n_estimators"": 800, ""max_depth"": 8, ""min_samples_leaf"": 24, ""max_features"": 0.7, ""max_samples"": 0.6}"
51,2.110833416870112,0.007561525475110693,"{""n_estimators"": 150, ""max_depth"": null, ""min_samples_leaf"": 24, ""max_features"": 0.7, ""max_samples"": 0.6}"
36,2.112635634424155,0.0002228017300017058,"{""n_estimators"": 150, ""max_depth"": 8, ""min_samples_leaf"": 16, ""max_features"": 0.4, ""max_samples"": 0.8}"
50,2.1177789461525025,0.0049958732881419,"{""n_estimators"": 400, ""max_depth"": 6, ""min_samples_leaf"": 1, ""max_features"": 0.7, ""max_samples"": 0.6}"
15,2.1187785611344476,0.005196001570559104,"{""n_estimators"": 150, ""max_depth"": 6, ""min_samples_leaf"": 1, ""max_features"": 0.7, ""max_samples"": null}"
23,2.1486191466809546,0.00421561119439424,"{""n_estimators"": 150, ""max_depth"": 6, ""min_samples_leaf"": 2, ""max_features"": 0.4, ""max_samples"": 0.8}"
32,2.149467842091351,0.0008926364378321024,"{""n_estimators"": 800, ""max_depth"": 6, ""min_samples_leaf"": 4, ""max_features"": 0.4, ""max_samples"": null}"
14,2.1496685904553834,0.000725648465024806,"{""n_estimators"": 150, ""max_depth"": 12, ""min_samples_leaf"": 24, ""max_features"": 0.4, ""max_samples"": 0.6}"
18,2.1523128946865526,0.0008333317867961641,"{""n_estimators"": 400, ""max_depth"": 8, ""min_samples_leaf"": 24, ""max_features"": 0.4, ""max_samples"": 0.6}"
40,2.156306970203568,0.0018450085485244504,"{""n_estimators"": 400, ""max_depth"": 6, ""min_samples_leaf"": 1, ""max_features"": 0.4, ""max_samples"": 0.8}"
66,2.1581345928350864,0.006791065315676787,"{""n_estimators"": 400, ""max_depth"": 6, ""min_samples_leaf"": 16, ""max_features"": 0.4, ""max_samples"": 0.8}"
